"JrnlType","FirstLastCountry","N","Pcnt","cumPcnt"
"OA","USA+USA",106,16.012084592145,16.012084592145
"OA","UNITED KINGDOM+UNITED KINGDOM",40,6.04229607250755,22.0543806646526
"OA","FRANCE+FRANCE",28,4.22960725075529,26.2839879154079
"OA","JAPAN+JAPAN",27,4.0785498489426,30.3625377643505
"OA","CHINA+CHINA",24,3.62537764350453,33.987915407855
"OA","GERMANY+GERMANY",18,2.7190332326284,36.7069486404834
"OA","CANADA+CANADA",17,2.56797583081571,39.2749244712991
"OA","CHINA+USA",17,2.56797583081571,41.8429003021148
"OA","NETHERLANDS+NETHERLANDS",15,2.26586102719033,44.1087613293051
"OA","INDIA+INDIA",14,2.11480362537764,46.2235649546828
"OA","CANADA+USA",10,1.51057401812689,47.7341389728097
"OA","AUSTRALIA+AUSTRALIA",9,1.3595166163142,49.0936555891239
"OA","BRAZIL+BRAZIL",9,1.3595166163142,50.4531722054381
"OA","SWEDEN+SWEDEN",8,1.20845921450151,51.6616314199396
"OA","DENMARK+DENMARK",7,1.05740181268882,52.7190332326284
"OA","ITALY+ITALY",7,1.05740181268882,53.7764350453172
"OA","SWITZERLAND+SWITZERLAND",7,1.05740181268882,54.833836858006
"OA","BRAZIL+USA",6,0.906344410876133,55.7401812688822
"OA","CHINA+UNITED KINGDOM",6,0.906344410876133,56.6465256797583
"OA","GERMANY+USA",6,0.906344410876133,57.5528700906344
"OA","AUSTRALIA+USA",5,0.755287009063444,58.3081570996979
"OA","FRANCE+USA",5,0.755287009063444,59.0634441087613
"OA","GREECE+GREECE",5,0.755287009063444,59.8187311178248
"OA","SPAIN+SPAIN",5,0.755287009063444,60.5740181268882
"OA","UNITED KINGDOM+USA",5,0.755287009063444,61.3293051359517
"OA","AUSTRALIA+UNITED KINGDOM",4,0.604229607250755,61.9335347432024
"OA","BELGIUM+USA",4,0.604229607250755,62.5377643504532
"OA","CANADA+UNITED KINGDOM",4,0.604229607250755,63.1419939577039
"OA","FRANCE+UNITED KINGDOM",4,0.604229607250755,63.7462235649547
"OA","GERMANY+UNITED KINGDOM",4,0.604229607250755,64.3504531722054
"OA","INDIA+USA",4,0.604229607250755,64.9546827794562
"OA","ITALY+SPAIN",4,0.604229607250755,65.558912386707
"OA","KOREA+KOREA",4,0.604229607250755,66.1631419939577
"OA","MEXICO+MEXICO",4,0.604229607250755,66.7673716012085
"OA","PORTUGAL+PORTUGAL",4,0.604229607250755,67.3716012084592
"OA","AUSTRIA+AUSTRIA",3,0.453172205438067,67.8247734138973
"OA","FRANCE+ITALY",3,0.453172205438067,68.2779456193354
"OA","GERMANY+SWEDEN",3,0.453172205438067,68.7311178247734
"OA","INDIA+UNITED KINGDOM",3,0.453172205438067,69.1842900302115
"OA","IRELAND+UNITED KINGDOM",3,0.453172205438067,69.6374622356496
"OA","ITALY+UNITED KINGDOM",3,0.453172205438067,70.0906344410876
"OA","ITALY+USA",3,0.453172205438067,70.5438066465257
"OA","MEXICO+USA",3,0.453172205438067,70.9969788519637
"OA","NEW ZEALAND+NEW ZEALAND",3,0.453172205438067,71.4501510574018
"OA","NORWAY+USA",3,0.453172205438067,71.9033232628399
"OA","SOUTH AFRICA+SOUTH AFRICA",3,0.453172205438067,72.356495468278
"OA","TAIWAN+TAIWAN",3,0.453172205438067,72.809667673716
"OA","ARGENTINA+ARGENTINA",2,0.302114803625378,73.1117824773414
"OA","ARGENTINA+USA",2,0.302114803625378,73.4138972809668
"OA","AUSTRIA+GERMANY",2,0.302114803625378,73.7160120845922
"OA","AUSTRIA+USA",2,0.302114803625378,74.0181268882175
"OA","BELGIUM+UNITED KINGDOM",2,0.302114803625378,74.3202416918429
"OA","CAMEROON+USA",2,0.302114803625378,74.6223564954683
"OA","CANADA+FRANCE",2,0.302114803625378,74.9244712990937
"OA","CHINA+FRANCE",2,0.302114803625378,75.226586102719
"OA","CHINA+GERMANY",2,0.302114803625378,75.5287009063444
"OA","CHINA+JAPAN",2,0.302114803625378,75.8308157099698
"OA","CZECH REPUBLIC+SWITZERLAND",2,0.302114803625378,76.1329305135952
"OA","DENMARK+USA",2,0.302114803625378,76.4350453172205
"OA","FINLAND+USA",2,0.302114803625378,76.7371601208459
"OA","FRANCE+NETHERLANDS",2,0.302114803625378,77.0392749244713
"OA","FRANCE+TURKEY",2,0.302114803625378,77.3413897280967
"OA","GREECE+SERBIA",2,0.302114803625378,77.6435045317221
"OA","INDIA+JAPAN",2,0.302114803625378,77.9456193353474
"OA","IRAN+IRAN",2,0.302114803625378,78.2477341389728
"OA","IRELAND+USA",2,0.302114803625378,78.5498489425982
"OA","ISRAEL+ISRAEL",2,0.302114803625378,78.8519637462236
"OA","NETHERLANDS+SAUDI ARABIA",2,0.302114803625378,79.1540785498489
"OA","NETHERLANDS+SINGAPORE",2,0.302114803625378,79.4561933534743
"OA","NETHERLANDS+SWITZERLAND",2,0.302114803625378,79.7583081570997
"OA","NETHERLANDS+USA",2,0.302114803625378,80.0604229607251
"OA","NORWAY+SWEDEN",2,0.302114803625378,80.3625377643504
"OA","SINGAPORE+UNITED KINGDOM",2,0.302114803625378,80.6646525679758
"OA","SOUTH AFRICA+USA",2,0.302114803625378,80.9667673716012
"OA","SPAIN+USA",2,0.302114803625378,81.2688821752266
"OA","SWITZERLAND+USA",2,0.302114803625378,81.570996978852
"OA","TURKEY+TURKEY",2,0.302114803625378,81.8731117824773
"OA","ALGERIA+AUSTRIA",1,0.151057401812689,82.02416918429
"OA","ARGENTINA+BRAZIL",1,0.151057401812689,82.1752265861027
"OA","ARGENTINA+PORTUGAL",1,0.151057401812689,82.3262839879154
"OA","AUSTRALIA+CHINA",1,0.151057401812689,82.4773413897281
"OA","AUSTRALIA+DENMARK",1,0.151057401812689,82.6283987915408
"OA","AUSTRALIA+INDIA",1,0.151057401812689,82.7794561933535
"OA","AUSTRALIA+MALAYSIA",1,0.151057401812689,82.9305135951662
"OA","AUSTRALIA+NETHERLANDS",1,0.151057401812689,83.0815709969789
"OA","AUSTRALIA+NORWAY",1,0.151057401812689,83.2326283987915
"OA","AUSTRALIA+SWITZERLAND",1,0.151057401812689,83.3836858006042
"OA","AUSTRIA+ITALY",1,0.151057401812689,83.5347432024169
"OA","AUSTRIA+MALAYSIA",1,0.151057401812689,83.6858006042296
"OA","AUSTRIA+NETHERLANDS",1,0.151057401812689,83.8368580060423
"OA","AUSTRIA+SWITZERLAND",1,0.151057401812689,83.987915407855
"OA","AUSTRIA+UNITED KINGDOM",1,0.151057401812689,84.1389728096677
"OA","BAHRAIN+IRELAND",1,0.151057401812689,84.2900302114804
"OA","BANGLADESH+BANGLADESH",1,0.151057401812689,84.441087613293
"OA","BANGLADESH+CHINA",1,0.151057401812689,84.5921450151057
"OA","BANGLADESH+NETHERLANDS",1,0.151057401812689,84.7432024169184
"OA","BELGIUM+BELGIUM",1,0.151057401812689,84.8942598187311
"OA","BELGIUM+GREECE",1,0.151057401812689,85.0453172205438
"OA","BELGIUM+IRELAND",1,0.151057401812689,85.1963746223565
"OA","BELGIUM+NETHERLANDS",1,0.151057401812689,85.3474320241692
"OA","BELGIUM+ZAMBIA",1,0.151057401812689,85.4984894259819
"OA","BENIN+SWITZERLAND",1,0.151057401812689,85.6495468277946
"OA","BOLIVIA+BRAZIL",1,0.151057401812689,85.8006042296073
"OA","BRAZIL+CHILE",1,0.151057401812689,85.9516616314199
"OA","BRAZIL+ITALY",1,0.151057401812689,86.1027190332326
"OA","BRAZIL+MEXICO",1,0.151057401812689,86.2537764350453
"OA","BRAZIL+NETHERLANDS",1,0.151057401812689,86.404833836858
"OA","BRAZIL+PORTUGAL",1,0.151057401812689,86.5558912386707
"OA","BRAZIL+SPAIN",1,0.151057401812689,86.7069486404834
"OA","BURKINA FASO+USA",1,0.151057401812689,86.8580060422961
"OA","CANADA+CHINA",1,0.151057401812689,87.0090634441088
"OA","CANADA+IRELAND",1,0.151057401812689,87.1601208459215
"OA","CHINA+ITALY",1,0.151057401812689,87.3111782477341
"OA","CHINA+SWEDEN",1,0.151057401812689,87.4622356495468
"OA","CHINA+SWITZERLAND",1,0.151057401812689,87.6132930513595
"OA","CHINA+TAIWAN",1,0.151057401812689,87.7643504531722
"OA","COLOMBIA+COLOMBIA",1,0.151057401812689,87.9154078549849
"OA","COSTA RICA+SPAIN",1,0.151057401812689,88.0664652567976
"OA","CROATIA+SWEDEN",1,0.151057401812689,88.2175226586103
"OA","CUBA+PERU",1,0.151057401812689,88.368580060423
"OA","CYPRUS+ITALY",1,0.151057401812689,88.5196374622357
"OA","CZECH REPUBLIC+ITALY",1,0.151057401812689,88.6706948640483
"OA","CZECH REPUBLIC+UNITED KINGDOM",1,0.151057401812689,88.821752265861
"OA","CZECH REPUBLIC+USA",1,0.151057401812689,88.9728096676737
"OA","DENMARK+GERMANY",1,0.151057401812689,89.1238670694864
"OA","DENMARK+NEW ZEALAND",1,0.151057401812689,89.2749244712991
"OA","DENMARK+NORWAY",1,0.151057401812689,89.4259818731118
"OA","DENMARK+POLAND",1,0.151057401812689,89.5770392749245
"OA","DENMARK+SLOVENIA",1,0.151057401812689,89.7280966767372
"OA","DENMARK+SWEDEN",1,0.151057401812689,89.8791540785498
"OA","DENMARK+UNITED KINGDOM",1,0.151057401812689,90.0302114803625
"OA","DENMARK+URUGUAY",1,0.151057401812689,90.1812688821752
"OA","DOMINICAN REPUBLIC+USA",1,0.151057401812689,90.3323262839879
"OA","EGYPT+EGYPT",1,0.151057401812689,90.4833836858006
"OA","EGYPT+GERMANY",1,0.151057401812689,90.6344410876133
"OA","ETHIOPIA+SWITZERLAND",1,0.151057401812689,90.785498489426
"OA","ETHIOPIA+USA",1,0.151057401812689,90.9365558912387
"OA","FINLAND+FINLAND",1,0.151057401812689,91.0876132930514
"OA","FINLAND+ITALY",1,0.151057401812689,91.2386706948641
"OA","FINLAND+SPAIN",1,0.151057401812689,91.3897280966767
"OA","FRANCE+GERMANY",1,0.151057401812689,91.5407854984894
"OA","FRANCE+MOROCCO",1,0.151057401812689,91.6918429003021
"OA","FRANCE+PORTUGAL",1,0.151057401812689,91.8429003021148
"OA","FRANCE+SPAIN",1,0.151057401812689,91.9939577039275
"OA","FRANCE+VENEZUELA",1,0.151057401812689,92.1450151057402
"OA","GERMANY+INDIA",1,0.151057401812689,92.2960725075529
"OA","GERMANY+NETHERLANDS",1,0.151057401812689,92.4471299093656
"OA","GERMANY+POLAND",1,0.151057401812689,92.5981873111783
"OA","GERMANY+SINGAPORE",1,0.151057401812689,92.7492447129909
"OA","GERMANY+SPAIN",1,0.151057401812689,92.9003021148036
"OA","GERMANY+VENEZUELA",1,0.151057401812689,93.0513595166163
"OA","GHANA+SOUTH AFRICA",1,0.151057401812689,93.202416918429
"OA","GHANA+USA",1,0.151057401812689,93.3534743202417
"OA","GREECE+SPAIN",1,0.151057401812689,93.5045317220544
"OA","HAITI+USA",1,0.151057401812689,93.6555891238671
"OA","HONG KONG+HONG KONG",1,0.151057401812689,93.8066465256798
"OA","HONG KONG+UNITED KINGDOM",1,0.151057401812689,93.9577039274924
"OA","HONG KONG+USA",1,0.151057401812689,94.1087613293051
"OA","HUNGARY+SWITZERLAND",1,0.151057401812689,94.2598187311178
"OA","HUNGARY+UNITED KINGDOM",1,0.151057401812689,94.4108761329305
"OA","INDIA+NETHERLANDS",1,0.151057401812689,94.5619335347432
"OA","INDIA+POLAND",1,0.151057401812689,94.7129909365559
"OA","INDIA+UKRAINE",1,0.151057401812689,94.8640483383686
"OA","INDONESIA+UNITED KINGDOM",1,0.151057401812689,95.0151057401813
"OA","IRAQ+UNITED KINGDOM",1,0.151057401812689,95.166163141994
"OA","IRAQ+USA",1,0.151057401812689,95.3172205438067
"OA","IRELAND+NETHERLANDS",1,0.151057401812689,95.4682779456193
"OA","ITALY+NETHERLANDS",1,0.151057401812689,95.619335347432
"OA","ITALY+SWITZERLAND",1,0.151057401812689,95.7703927492447
"OA","JAPAN+LEBANON",1,0.151057401812689,95.9214501510574
"OA","JAPAN+PHILIPPINES",1,0.151057401812689,96.0725075528701
"OA","KOREA+USA",1,0.151057401812689,96.2235649546828
"OA","MALAYSIA+MALAYSIA",1,0.151057401812689,96.3746223564955
"OA","MALAYSIA+UNITED KINGDOM",1,0.151057401812689,96.5256797583082
"OA","MEXICO+PERU",1,0.151057401812689,96.6767371601209
"OA","MEXICO+SINGAPORE",1,0.151057401812689,96.8277945619335
"OA","MEXICO+SPAIN",1,0.151057401812689,96.9788519637462
"OA","MYANMAR+THAILAND",1,0.151057401812689,97.1299093655589
"OA","NETHERLANDS+UNITED KINGDOM",1,0.151057401812689,97.2809667673716
"OA","NIGERIA+USA",1,0.151057401812689,97.4320241691843
"OA","NORWAY+NORWAY",1,0.151057401812689,97.583081570997
"OA","PAKISTAN+SINGAPORE",1,0.151057401812689,97.7341389728097
"OA","POLAND+POLAND",1,0.151057401812689,97.8851963746224
"OA","PORTUGAL+UNITED KINGDOM",1,0.151057401812689,98.036253776435
"OA","QATAR+QATAR",1,0.151057401812689,98.1873111782477
"OA","ROMANIA+UNITED KINGDOM",1,0.151057401812689,98.3383685800604
"OA","SAUDI ARABIA+USA",1,0.151057401812689,98.4894259818731
"OA","SENEGAL+USA",1,0.151057401812689,98.6404833836858
"OA","SLOVENIA+SOUTH AFRICA",1,0.151057401812689,98.7915407854985
"OA","SPAIN+UNITED KINGDOM",1,0.151057401812689,98.9425981873112
"OA","SRI LANKA+SRI LANKA",1,0.151057401812689,99.0936555891239
"OA","SRI LANKA+SWEDEN",1,0.151057401812689,99.2447129909366
"OA","SWEDEN+UNITED KINGDOM",1,0.151057401812689,99.3957703927492
"OA","SWEDEN+USA",1,0.151057401812689,99.5468277945619
"OA","SWITZERLAND+UNITED KINGDOM",1,0.151057401812689,99.6978851963746
"OA","TAIWAN+USA",1,0.151057401812689,99.8489425981873
"OA","TAJIKISTAN+USA",1,0.151057401812689,100
"PW","CHINA+CHINA",6187,24.8673633440514,24.8673633440514
"PW","USA+USA",2223,8.93488745980707,33.8022508038585
"PW","CHINA+USA",1141,4.58601286173633,38.3882636655949
"PW","INDIA+INDIA",701,2.81752411575563,41.2057877813505
"PW","JAPAN+JAPAN",622,2.5,43.7057877813505
"PW","BRAZIL+BRAZIL",546,2.19453376205788,45.9003215434084
"PW","KOREA+KOREA",534,2.14630225080386,48.0466237942122
"PW","ITALY+ITALY",455,1.82877813504823,49.8754019292604
"PW","FRANCE+FRANCE",452,1.81672025723473,51.6921221864952
"PW","GERMANY+GERMANY",385,1.54742765273312,53.2395498392283
"PW","IRAN+IRAN",375,1.5072347266881,54.7467845659164
"PW","SPAIN+SPAIN",354,1.42282958199357,56.16961414791
"PW","UNITED KINGDOM+UNITED KINGDOM",287,1.15353697749196,57.3231511254019
"PW","AUSTRALIA+AUSTRALIA",271,1.08922829581994,58.4123794212219
"PW","CANADA+CANADA",257,1.03295819935691,59.4453376205788
"PW","CHINA+UNITED KINGDOM",243,0.976688102893891,60.4220257234727
"PW","AUSTRALIA+CHINA",238,0.956591639871383,61.3786173633441
"PW","TURKEY+TURKEY",237,0.952572347266881,62.3311897106109
"PW","POLAND+POLAND",179,0.719453376205788,63.0506430868167
"PW","TAIWAN+TAIWAN",173,0.695337620578778,63.7459807073955
"PW","CANADA+USA",167,0.671221864951768,64.4172025723473
"PW","AUSTRALIA+USA",165,0.663183279742765,65.08038585209
"PW","CANADA+CHINA",165,0.663183279742765,65.7435691318328
"PW","BRAZIL+USA",125,0.502411575562701,66.2459807073955
"PW","CHINA+HONG KONG",121,0.486334405144695,66.7323151125402
"PW","NETHERLANDS+NETHERLANDS",121,0.486334405144695,67.2186495176849
"PW","MEXICO+MEXICO",119,0.478295819935691,67.6969453376206
"PW","CHINA+SINGAPORE",102,0.409967845659164,68.1069131832797
"PW","UNITED KINGDOM+USA",102,0.409967845659164,68.5168810289389
"PW","CHINA+JAPAN",100,0.401929260450161,68.9188102893891
"PW","PORTUGAL+PORTUGAL",97,0.389871382636656,69.3086816720257
"PW","KOREA+USA",95,0.381832797427653,69.6905144694534
"PW","BELGIUM+BELGIUM",90,0.361736334405145,70.0522508038585
"PW","EGYPT+EGYPT",87,0.34967845659164,70.4019292604502
"PW","INDIA+USA",87,0.34967845659164,70.7516077170418
"PW","FRANCE+USA",85,0.341639871382637,71.0932475884244
"PW","GERMANY+USA",84,0.337620578778135,71.4308681672026
"PW","CHINA+GERMANY",79,0.317524115755627,71.7483922829582
"PW","ITALY+USA",79,0.317524115755627,72.0659163987138
"PW","SWITZERLAND+SWITZERLAND",76,0.305466237942122,72.371382636656
"PW","ARGENTINA+ARGENTINA",70,0.281350482315113,72.6527331189711
"PW","CZECH REPUBLIC+CZECH REPUBLIC",67,0.269292604501608,72.9220257234727
"PW","DENMARK+DENMARK",67,0.269292604501608,73.1913183279743
"PW","THAILAND+THAILAND",67,0.269292604501608,73.4606109324759
"PW","JAPAN+USA",66,0.265273311897106,73.725884244373
"PW","SWEDEN+SWEDEN",65,0.261254019292605,73.9871382636656
"PW","ISRAEL+ISRAEL",61,0.245176848874598,74.2323151125402
"PW","GREECE+GREECE",60,0.241157556270096,74.4734726688103
"PW","SINGAPORE+SINGAPORE",60,0.241157556270096,74.7146302250804
"PW","AUSTRALIA+UNITED KINGDOM",57,0.229099678456592,74.943729903537
"PW","MALAYSIA+MALAYSIA",55,0.221061093247588,75.1647909967846
"PW","FINLAND+FINLAND",52,0.209003215434084,75.3737942122187
"PW","BELGIUM+USA",51,0.204983922829582,75.5787781350482
"PW","EGYPT+SAUDI ARABIA",51,0.204983922829582,75.7837620578778
"PW","CHINA+FRANCE",50,0.20096463022508,75.9847266881029
"PW","CHINA+KOREA",48,0.192926045016077,76.177652733119
"PW","CHINA+NETHERLANDS",48,0.192926045016077,76.3705787781351
"PW","AUSTRIA+AUSTRIA",47,0.188906752411576,76.5594855305466
"PW","CHINA+TAIWAN",47,0.188906752411576,76.7483922829582
"PW","IRAN+USA",47,0.188906752411576,76.9372990353698
"PW","ITALY+SPAIN",45,0.180868167202572,77.1181672025724
"PW","FRANCE+ITALY",40,0.160771704180064,77.2789389067524
"PW","SOUTH AFRICA+SOUTH AFRICA",40,0.160771704180064,77.4397106109325
"PW","CANADA+IRAN",39,0.156752411575563,77.596463022508
"PW","DENMARK+USA",38,0.152733118971061,77.7491961414791
"PW","HUNGARY+HUNGARY",38,0.152733118971061,77.9019292604502
"PW","AUSTRIA+USA",37,0.148713826366559,78.0506430868167
"PW","CHINA+DENMARK",37,0.148713826366559,78.1993569131833
"PW","PORTUGAL+SPAIN",37,0.148713826366559,78.3480707395498
"PW","SPAIN+USA",36,0.144694533762058,78.4927652733119
"PW","CHINA+PAKISTAN",35,0.140675241157556,78.6334405144695
"PW","GERMANY+UNITED KINGDOM",35,0.140675241157556,78.774115755627
"PW","MEXICO+USA",35,0.140675241157556,78.9147909967846
"PW","NETHERLANDS+USA",35,0.140675241157556,79.0554662379421
"PW","SWITZERLAND+USA",35,0.140675241157556,79.1961414790997
"PW","CHILE+CHILE",33,0.132636655948553,79.3287781350482
"PW","NEW ZEALAND+NEW ZEALAND",33,0.132636655948553,79.4614147909968
"PW","AUSTRIA+GERMANY",32,0.128617363344051,79.5900321543408
"PW","TAIWAN+USA",32,0.128617363344051,79.7186495176849
"PW","BRAZIL+UNITED KINGDOM",31,0.12459807073955,79.8432475884244
"PW","CHINA+NEW ZEALAND",31,0.12459807073955,79.967845659164
"PW","GERMANY+SWITZERLAND",31,0.12459807073955,80.0924437299035
"PW","BELGIUM+UNITED KINGDOM",30,0.120578778135048,80.2130225080386
"PW","CANADA+FRANCE",30,0.120578778135048,80.3336012861736
"PW","EGYPT+USA",30,0.120578778135048,80.4541800643087
"PW","FRANCE+SPAIN",30,0.120578778135048,80.5747588424437
"PW","NORWAY+NORWAY",29,0.116559485530547,80.6913183279743
"PW","SERBIA+SERBIA",29,0.116559485530547,80.8078778135048
"PW","SLOVENIA+SLOVENIA",29,0.116559485530547,80.9244372990354
"PW","CHINA+INDIA",28,0.112540192926045,81.0369774919614
"PW","GERMANY+SPAIN",28,0.112540192926045,81.1495176848875
"PW","GREECE+USA",28,0.112540192926045,81.2620578778135
"PW","INDIA+KOREA",28,0.112540192926045,81.3745980707396
"PW","CHINA+IRELAND",27,0.108520900321543,81.4831189710611
"PW","GERMANY+NETHERLANDS",27,0.108520900321543,81.5916398713826
"PW","ISRAEL+USA",27,0.108520900321543,81.7001607717042
"PW","ITALY+UNITED KINGDOM",27,0.108520900321543,81.8086816720257
"PW","BELGIUM+FRANCE",26,0.104501607717042,81.9131832797428
"PW","CHINA+ITALY",26,0.104501607717042,82.0176848874598
"PW","FRANCE+UNITED KINGDOM",26,0.104501607717042,82.1221864951768
"PW","SAUDI ARABIA+SAUDI ARABIA",26,0.104501607717042,82.2266881028939
"PW","BRAZIL+PORTUGAL",25,0.10048231511254,82.3271704180064
"PW","CHINA+SWEDEN",25,0.10048231511254,82.427652733119
"PW","GERMANY+ITALY",25,0.10048231511254,82.5281350482315
"PW","SPAIN+UNITED KINGDOM",25,0.10048231511254,82.628617363344
"PW","CHINA+SAUDI ARABIA",24,0.0964630225080386,82.7250803858521
"PW","ROMANIA+ROMANIA",24,0.0964630225080386,82.8215434083601
"PW","ARGENTINA+USA",23,0.092443729903537,82.9139871382637
"PW","CHINA+IRAN",23,0.092443729903537,83.0064308681672
"PW","CHINA+SPAIN",23,0.092443729903537,83.0988745980707
"PW","FRANCE+TUNISIA",23,0.092443729903537,83.1913183279743
"PW","PAKISTAN+PAKISTAN",23,0.092443729903537,83.2837620578778
"PW","AUSTRALIA+IRAN",22,0.0884244372990354,83.3721864951768
"PW","CHILE+SPAIN",22,0.0884244372990354,83.4606109324759
"PW","IRELAND+IRELAND",22,0.0884244372990354,83.5490353697749
"PW","RUSSIA+RUSSIA",22,0.0884244372990354,83.637459807074
"PW","ARGENTINA+SPAIN",21,0.0844051446945338,83.7218649517685
"PW","BRAZIL+SPAIN",21,0.0844051446945338,83.806270096463
"PW","CHINA+TURKEY",21,0.0844051446945338,83.8906752411576
"PW","INDIA+SAUDI ARABIA",21,0.0844051446945338,83.9750803858521
"PW","CANADA+UNITED KINGDOM",20,0.0803858520900322,84.0554662379421
"PW","FRANCE+GERMANY",20,0.0803858520900322,84.1358520900322
"PW","FRANCE+SWITZERLAND",20,0.0803858520900322,84.2162379421222
"PW","IRAN+TURKEY",20,0.0803858520900322,84.2966237942122
"PW","TUNISIA+TUNISIA",20,0.0803858520900322,84.3770096463023
"PW","AUSTRALIA+INDIA",19,0.0763665594855305,84.4533762057878
"PW","AUSTRALIA+KOREA",19,0.0763665594855305,84.5297427652733
"PW","AUSTRALIA+SWITZERLAND",19,0.0763665594855305,84.6061093247588
"PW","CHINA+EGYPT",19,0.0763665594855305,84.6824758842444
"PW","HONG KONG+HONG KONG",19,0.0763665594855305,84.7588424437299
"PW","TURKEY+USA",19,0.0763665594855305,84.8352090032154
"PW","BELGIUM+GERMANY",18,0.0723472668810289,84.9075562700965
"PW","CANADA+ITALY",18,0.0723472668810289,84.9799035369775
"PW","CHINA+MALAYSIA",18,0.0723472668810289,85.0522508038585
"PW","COLOMBIA+COLOMBIA",18,0.0723472668810289,85.1245980707396
"PW","FRANCE+LEBANON",18,0.0723472668810289,85.1969453376206
"PW","MOROCCO+MOROCCO",18,0.0723472668810289,85.2692926045016
"PW","PAKISTAN+SAUDI ARABIA",18,0.0723472668810289,85.3416398713826
"PW","SINGAPORE+USA",18,0.0723472668810289,85.4139871382637
"PW","AUSTRALIA+CANADA",17,0.0683279742765273,85.4823151125402
"PW","AUSTRALIA+NEW ZEALAND",17,0.0683279742765273,85.5506430868167
"PW","AUSTRALIA+SPAIN",17,0.0683279742765273,85.6189710610932
"PW","BANGLADESH+USA",17,0.0683279742765273,85.6872990353698
"PW","BELGIUM+NETHERLANDS",17,0.0683279742765273,85.7556270096463
"PW","BRAZIL+CANADA",17,0.0683279742765273,85.8239549839228
"PW","CHILE+USA",17,0.0683279742765273,85.8922829581994
"PW","CHINA+FINLAND",17,0.0683279742765273,85.9606109324759
"PW","COLOMBIA+USA",17,0.0683279742765273,86.0289389067524
"PW","CROATIA+CROATIA",17,0.0683279742765273,86.0972668810289
"PW","DENMARK+UNITED KINGDOM",17,0.0683279742765273,86.1655948553055
"PW","HONG KONG+USA",17,0.0683279742765273,86.233922829582
"PW","INDIA+UNITED KINGDOM",17,0.0683279742765273,86.3022508038585
"PW","IRELAND+UNITED KINGDOM",17,0.0683279742765273,86.3705787781351
"PW","BRAZIL+FRANCE",16,0.0643086816720257,86.4348874598071
"PW","CHINA+NORWAY",16,0.0643086816720257,86.4991961414791
"PW","CHINA+SWITZERLAND",16,0.0643086816720257,86.5635048231511
"PW","CZECH REPUBLIC+USA",16,0.0643086816720257,86.6278135048232
"PW","DENMARK+SWEDEN",16,0.0643086816720257,86.6921221864952
"PW","FRANCE+JAPAN",16,0.0643086816720257,86.7564308681672
"PW","ITALY+SWITZERLAND",16,0.0643086816720257,86.8207395498392
"PW","AUSTRALIA+GERMANY",15,0.0602893890675241,86.8810289389068
"PW","AUSTRIA+UNITED KINGDOM",15,0.0602893890675241,86.9413183279743
"PW","BRAZIL+GERMANY",15,0.0602893890675241,87.0016077170418
"PW","CHINA+THAILAND",15,0.0602893890675241,87.0618971061093
"PW","FINLAND+USA",15,0.0602893890675241,87.1221864951768
"PW","IRAN+UNITED KINGDOM",15,0.0602893890675241,87.1824758842444
"PW","MEXICO+SPAIN",15,0.0602893890675241,87.2427652733119
"PW","CHINA+SOUTH AFRICA",14,0.0562700964630225,87.2990353697749
"PW","COLOMBIA+SPAIN",14,0.0562700964630225,87.3553054662379
"PW","IRAN+ITALY",14,0.0562700964630225,87.411575562701
"PW","SOUTH AFRICA+USA",14,0.0562700964630225,87.467845659164
"PW","AUSTRALIA+ITALY",13,0.0522508038585209,87.5200964630225
"PW","AUSTRALIA+MALAYSIA",13,0.0522508038585209,87.572347266881
"PW","ITALY+NETHERLANDS",13,0.0522508038585209,87.6245980707396
"PW","KENYA+USA",13,0.0522508038585209,87.6768488745981
"PW","POLAND+UKRAINE",13,0.0522508038585209,87.7290996784566
"PW","POLAND+USA",13,0.0522508038585209,87.7813504823151
"PW","SAUDI ARABIA+USA",13,0.0522508038585209,87.8336012861736
"PW","SWEDEN+USA",13,0.0522508038585209,87.8858520900322
"PW","AUSTRALIA+SWEDEN",12,0.0482315112540193,87.9340836012862
"PW","BRAZIL+ITALY",12,0.0482315112540193,87.9823151125402
"PW","CANADA+GERMANY",12,0.0482315112540193,88.0305466237942
"PW","EGYPT+JAPAN",12,0.0482315112540193,88.0787781350482
"PW","GERMANY+POLAND",12,0.0482315112540193,88.1270096463023
"PW","IRELAND+USA",12,0.0482315112540193,88.1752411575563
"PW","UKRAINE+UKRAINE",12,0.0482315112540193,88.2234726688103
"PW","ALGERIA+FRANCE",11,0.0442122186495177,88.2676848874598
"PW","AUSTRALIA+FRANCE",11,0.0442122186495177,88.3118971061093
"PW","AUSTRALIA+NETHERLANDS",11,0.0442122186495177,88.3561093247588
"PW","BELGIUM+CHINA",11,0.0442122186495177,88.4003215434084
"PW","EGYPT+GERMANY",11,0.0442122186495177,88.4445337620579
"PW","FRANCE+INDIA",11,0.0442122186495177,88.4887459807074
"PW","FRANCE+IRAN",11,0.0442122186495177,88.5329581993569
"PW","FRANCE+PORTUGAL",11,0.0442122186495177,88.5771704180064
"PW","GREECE+UNITED KINGDOM",11,0.0442122186495177,88.621382636656
"PW","NORWAY+USA",11,0.0442122186495177,88.6655948553055
"PW","POLAND+UNITED KINGDOM",11,0.0442122186495177,88.709807073955
"PW","SLOVAKIA+SLOVAKIA",11,0.0442122186495177,88.7540192926045
"PW","THAILAND+USA",11,0.0442122186495177,88.798231511254
"PW","ARGENTINA+BRAZIL",10,0.0401929260450161,88.838424437299
"PW","BANGLADESH+JAPAN",10,0.0401929260450161,88.878617363344
"PW","BELGIUM+SPAIN",10,0.0401929260450161,88.9188102893891
"PW","BRAZIL+SWEDEN",10,0.0401929260450161,88.9590032154341
"PW","BRAZIL+SWITZERLAND",10,0.0401929260450161,88.9991961414791
"PW","CANADA+SPAIN",10,0.0401929260450161,89.0393890675241
"PW","CANADA+SWITZERLAND",10,0.0401929260450161,89.0795819935691
"PW","CZECH REPUBLIC+UNITED KINGDOM",10,0.0401929260450161,89.1197749196141
"PW","DENMARK+ITALY",10,0.0401929260450161,89.1599678456592
"PW","EGYPT+TURKEY",10,0.0401929260450161,89.2001607717042
"PW","EGYPT+UNITED KINGDOM",10,0.0401929260450161,89.2403536977492
"PW","GERMANY+TURKEY",10,0.0401929260450161,89.2805466237942
"PW","INDIA+TURKEY",10,0.0401929260450161,89.3207395498392
"PW","JAPAN+UNITED KINGDOM",10,0.0401929260450161,89.3609324758842
"PW","NIGERIA+NIGERIA",10,0.0401929260450161,89.4011254019293
"PW","PAKISTAN+USA",10,0.0401929260450161,89.4413183279743
"PW","SWITZERLAND+UNITED KINGDOM",10,0.0401929260450161,89.4815112540193
"PW","ALGERIA+ALGERIA",9,0.0361736334405145,89.5176848874598
"PW","AUSTRIA+ITALY",9,0.0361736334405145,89.5538585209003
"PW","BULGARIA+BULGARIA",9,0.0361736334405145,89.5900321543408
"PW","CANADA+SAUDI ARABIA",9,0.0361736334405145,89.6262057877813
"PW","GERMANY+SWEDEN",9,0.0361736334405145,89.6623794212219
"PW","GREECE+ITALY",9,0.0361736334405145,89.6985530546624
"PW","INDIA+ITALY",9,0.0361736334405145,89.7347266881029
"PW","ITALY+SWEDEN",9,0.0361736334405145,89.7709003215434
"PW","LITHUANIA+LITHUANIA",9,0.0361736334405145,89.8070739549839
"PW","MALAYSIA+UNITED KINGDOM",9,0.0361736334405145,89.8432475884244
"PW","NETHERLANDS+NORWAY",9,0.0361736334405145,89.879421221865
"PW","NETHERLANDS+SWITZERLAND",9,0.0361736334405145,89.9155948553055
"PW","NETHERLANDS+UNITED KINGDOM",9,0.0361736334405145,89.951768488746
"PW","NEW ZEALAND+USA",9,0.0361736334405145,89.9879421221865
"PW","PORTUGAL+USA",9,0.0361736334405145,90.024115755627
"PW","SAUDI ARABIA+TURKEY",9,0.0361736334405145,90.0602893890675
"PW","ALGERIA+SAUDI ARABIA",8,0.0321543408360129,90.0924437299035
"PW","AUSTRALIA+BRAZIL",8,0.0321543408360129,90.1245980707396
"PW","AUSTRALIA+SAUDI ARABIA",8,0.0321543408360129,90.1567524115756
"PW","AUSTRALIA+SINGAPORE",8,0.0321543408360129,90.1889067524116
"PW","AUSTRALIA+TURKEY",8,0.0321543408360129,90.2210610932476
"PW","AUSTRIA+SLOVENIA",8,0.0321543408360129,90.2532154340836
"PW","BELGIUM+ITALY",8,0.0321543408360129,90.2853697749196
"PW","BRAZIL+NETHERLANDS",8,0.0321543408360129,90.3175241157556
"PW","CHINA+GHANA",8,0.0321543408360129,90.3496784565916
"PW","CHINA+ISRAEL",8,0.0321543408360129,90.3818327974276
"PW","CZECH REPUBLIC+GERMANY",8,0.0321543408360129,90.4139871382637
"PW","CZECH REPUBLIC+POLAND",8,0.0321543408360129,90.4461414790997
"PW","DENMARK+GERMANY",8,0.0321543408360129,90.4782958199357
"PW","FINLAND+GERMANY",8,0.0321543408360129,90.5104501607717
"PW","FRANCE+POLAND",8,0.0321543408360129,90.5426045016077
"PW","INDIA+JAPAN",8,0.0321543408360129,90.5747588424437
"PW","INDIA+MALAYSIA",8,0.0321543408360129,90.6069131832797
"PW","INDONESIA+INDONESIA",8,0.0321543408360129,90.6390675241158
"PW","IRAN+SPAIN",8,0.0321543408360129,90.6712218649518
"PW","IRAQ+UNITED KINGDOM",8,0.0321543408360129,90.7033762057878
"PW","IRELAND+SPAIN",8,0.0321543408360129,90.7355305466238
"PW","JAPAN+MALAYSIA",8,0.0321543408360129,90.7676848874598
"PW","JAPAN+TAIWAN",8,0.0321543408360129,90.7998392282958
"PW","JORDAN+JORDAN",8,0.0321543408360129,90.8319935691318
"PW","LEBANON+LEBANON",8,0.0321543408360129,90.8641479099678
"PW","NIGERIA+SOUTH AFRICA",8,0.0321543408360129,90.8963022508039
"PW","SINGAPORE+UNITED KINGDOM",8,0.0321543408360129,90.9284565916399
"PW","UNITED KINGDOM+GERMANY",8,0.0321543408360129,90.9606109324759
"PW","AUSTRALIA+CZECH REPUBLIC",7,0.0281350482315113,90.9887459807074
"PW","AUSTRALIA+FINLAND",7,0.0281350482315113,91.0168810289389
"PW","AUSTRALIA+HONG KONG",7,0.0281350482315113,91.0450160771704
"PW","AUSTRIA+PAKISTAN",7,0.0281350482315113,91.0731511254019
"PW","BRAZIL+COLOMBIA",7,0.0281350482315113,91.1012861736334
"PW","CAMEROON+CAMEROON",7,0.0281350482315113,91.129421221865
"PW","CANADA+EGYPT",7,0.0281350482315113,91.1575562700965
"PW","CANADA+TURKEY",7,0.0281350482315113,91.185691318328
"PW","CHINA+PORTUGAL",7,0.0281350482315113,91.2138263665595
"PW","DENMARK+IRAN",7,0.0281350482315113,91.241961414791
"PW","FINLAND+SWEDEN",7,0.0281350482315113,91.2700964630225
"PW","FRANCE+MOROCCO",7,0.0281350482315113,91.298231511254
"PW","FRANCE+ROMANIA",7,0.0281350482315113,91.3263665594855
"PW","FRANCE+SWEDEN",7,0.0281350482315113,91.354501607717
"PW","GERMANY+IRAN",7,0.0281350482315113,91.3826366559486
"PW","GERMANY+ISRAEL",7,0.0281350482315113,91.4107717041801
"PW","GERMANY+KOREA",7,0.0281350482315113,91.4389067524116
"PW","GERMANY+PAKISTAN",7,0.0281350482315113,91.4670418006431
"PW","GERMANY+SAUDI ARABIA",7,0.0281350482315113,91.4951768488746
"PW","INDIA+SPAIN",7,0.0281350482315113,91.5233118971061
"PW","INDIA+THAILAND",7,0.0281350482315113,91.5514469453376
"PW","IRAN+MALAYSIA",7,0.0281350482315113,91.5795819935691
"PW","ITALY+TURKEY",7,0.0281350482315113,91.6077170418006
"PW","KAZAKHSTAN+USA",7,0.0281350482315113,91.6358520900322
"PW","NETHERLANDS+SPAIN",7,0.0281350482315113,91.6639871382637
"PW","NORWAY+SWEDEN",7,0.0281350482315113,91.6921221864952
"PW","NORWAY+UNITED KINGDOM",7,0.0281350482315113,91.7202572347267
"PW","POLAND+SPAIN",7,0.0281350482315113,91.7483922829582
"PW","TURKEY+UNITED KINGDOM",7,0.0281350482315113,91.7765273311897
"PW","UNITED KINGDOM+SWITZERLAND",7,0.0281350482315113,91.8046623794212
"PW","AUSTRALIA+JAPAN",6,0.0241157556270096,91.8287781350482
"PW","AUSTRALIA+PAKISTAN",6,0.0241157556270096,91.8528938906752
"PW","AUSTRALIA+SOUTH AFRICA",6,0.0241157556270096,91.8770096463023
"PW","AUSTRALIA+THAILAND",6,0.0241157556270096,91.9011254019293
"PW","BELGIUM+BRAZIL",6,0.0241157556270096,91.9252411575563
"PW","BELGIUM+SINGAPORE",6,0.0241157556270096,91.9493569131833
"PW","BELGIUM+SWEDEN",6,0.0241157556270096,91.9734726688103
"PW","BELGIUM+SWITZERLAND",6,0.0241157556270096,91.9975884244373
"PW","BRAZIL+CHILE",6,0.0241157556270096,92.0217041800643
"PW","BRAZIL+CHINA",6,0.0241157556270096,92.0458199356913
"PW","CANADA+SWEDEN",6,0.0241157556270096,92.0699356913183
"PW","CHILE+UNITED KINGDOM",6,0.0241157556270096,92.0940514469453
"PW","CHINA+NIGERIA",6,0.0241157556270096,92.1181672025724
"PW","CHINA+POLAND",6,0.0241157556270096,92.1422829581994
"PW","CHINA+UKRAINE",6,0.0241157556270096,92.1663987138264
"PW","DENMARK+NORWAY",6,0.0241157556270096,92.1905144694534
"PW","EGYPT+KUWAIT",6,0.0241157556270096,92.2146302250804
"PW","EGYPT+SPAIN",6,0.0241157556270096,92.2387459807074
"PW","GERMANY+GREECE",6,0.0241157556270096,92.2628617363344
"PW","GERMANY+INDIA",6,0.0241157556270096,92.2869774919614
"PW","GERMANY+JAPAN",6,0.0241157556270096,92.3110932475884
"PW","GERMANY+PORTUGAL",6,0.0241157556270096,92.3352090032154
"PW","HUNGARY+USA",6,0.0241157556270096,92.3593247588424
"PW","INDIA+POLAND",6,0.0241157556270096,92.3834405144695
"PW","INDIA+TAIWAN",6,0.0241157556270096,92.4075562700965
"PW","IRAQ+IRAQ",6,0.0241157556270096,92.4316720257235
"PW","ITALY+POLAND",6,0.0241157556270096,92.4557877813505
"PW","JAPAN+SWITZERLAND",6,0.0241157556270096,92.4799035369775
"PW","JORDAN+USA",6,0.0241157556270096,92.5040192926045
"PW","KOREA+NORTH KOREA",6,0.0241157556270096,92.5281350482315
"PW","KOREA+PAKISTAN",6,0.0241157556270096,92.5522508038585
"PW","KOREA+UNITED KINGDOM",6,0.0241157556270096,92.5763665594855
"PW","MALAYSIA+NIGERIA",6,0.0241157556270096,92.6004823151125
"PW","MALAYSIA+USA",6,0.0241157556270096,92.6245980707396
"PW","NIGERIA+USA",6,0.0241157556270096,92.6487138263666
"PW","PORTUGAL+UNITED KINGDOM",6,0.0241157556270096,92.6728295819936
"PW","QATAR+QATAR",6,0.0241157556270096,92.6969453376206
"PW","SAUDI ARABIA+UNITED KINGDOM",6,0.0241157556270096,92.7210610932476
"PW","UNITED KINGDOM+INDIA",6,0.0241157556270096,92.7451768488746
"PW","UNITED KINGDOM+SPAIN",6,0.0241157556270096,92.7692926045016
"PW","ALBANIA+USA",5,0.020096463022508,92.7893890675241
"PW","AUSTRALIA+INDONESIA",5,0.020096463022508,92.8094855305466
"PW","AUSTRALIA+IRAQ",5,0.020096463022508,92.8295819935691
"PW","AUSTRALIA+IRELAND",5,0.020096463022508,92.8496784565916
"PW","AUSTRALIA+POLAND",5,0.020096463022508,92.8697749196141
"PW","AUSTRIA+NETHERLANDS",5,0.020096463022508,92.8898713826367
"PW","AUSTRIA+SPAIN",5,0.020096463022508,92.9099678456592
"PW","AUSTRIA+SWEDEN",5,0.020096463022508,92.9300643086817
"PW","AUSTRIA+SWITZERLAND",5,0.020096463022508,92.9501607717042
"PW","BANGLADESH+UNITED KINGDOM",5,0.020096463022508,92.9702572347267
"PW","BELGIUM+DENMARK",5,0.020096463022508,92.9903536977492
"PW","BELGIUM+JAPAN",5,0.020096463022508,93.0104501607717
"PW","BRAZIL+MEXICO",5,0.020096463022508,93.0305466237942
"PW","CAMBODIA+USA",5,0.020096463022508,93.0506430868167
"PW","CANADA+INDIA",5,0.020096463022508,93.0707395498392
"PW","CANADA+IRELAND",5,0.020096463022508,93.0908360128617
"PW","CANADA+JAPAN",5,0.020096463022508,93.1109324758842
"PW","CANADA+NETHERLANDS",5,0.020096463022508,93.1310289389068
"PW","CANADA+PORTUGAL",5,0.020096463022508,93.1511254019293
"PW","CHINA+GREECE",5,0.020096463022508,93.1712218649518
"PW","CHINA+ROMANIA",5,0.020096463022508,93.1913183279743
"PW","CROATIA+ITALY",5,0.020096463022508,93.2114147909968
"PW","CROATIA+USA",5,0.020096463022508,93.2315112540193
"PW","CYPRUS+TURKEY",5,0.020096463022508,93.2516077170418
"PW","CZECH REPUBLIC+FRANCE",5,0.020096463022508,93.2717041800643
"PW","EGYPT+TUNISIA",5,0.020096463022508,93.2918006430868
"PW","EGYPT+YEMEN",5,0.020096463022508,93.3118971061093
"PW","FINLAND+ITALY",5,0.020096463022508,93.3319935691318
"PW","FINLAND+JAPAN",5,0.020096463022508,93.3520900321543
"PW","FINLAND+POLAND",5,0.020096463022508,93.3721864951768
"PW","FINLAND+UNITED KINGDOM",5,0.020096463022508,93.3922829581994
"PW","INDIA+NEPAL",5,0.020096463022508,93.4123794212219
"PW","INDIA+SOUTH AFRICA",5,0.020096463022508,93.4324758842444
"PW","INDIA+SWEDEN",5,0.020096463022508,93.4525723472669
"PW","INDONESIA+TAIWAN",5,0.020096463022508,93.4726688102894
"PW","ITALY+JAPAN",5,0.020096463022508,93.4927652733119
"PW","ITALY+NORWAY",5,0.020096463022508,93.5128617363344
"PW","ITALY+TUNISIA",5,0.020096463022508,93.5329581993569
"PW","JAPAN+KOREA",5,0.020096463022508,93.5530546623794
"PW","JAPAN+PHILIPPINES",5,0.020096463022508,93.5731511254019
"PW","MEXICO+UNITED KINGDOM",5,0.020096463022508,93.5932475884244
"PW","NETHERLANDS+SAUDI ARABIA",5,0.020096463022508,93.6133440514469
"PW","PAKISTAN+UNITED KINGDOM",5,0.020096463022508,93.6334405144695
"PW","SPAIN+SWITZERLAND",5,0.020096463022508,93.653536977492
"PW","SRI LANKA+SRI LANKA",5,0.020096463022508,93.6736334405145
"PW","SWEDEN+UNITED KINGDOM",5,0.020096463022508,93.693729903537
"PW","UNITED KINGDOM+NETHERLANDS",5,0.020096463022508,93.7138263665595
"PW","USA+VIETNAM",5,0.020096463022508,93.733922829582
"PW","ARGENTINA+ITALY",4,0.0160771704180064,93.75
"PW","ARGENTINA+UNITED KINGDOM",4,0.0160771704180064,93.766077170418
"PW","AUSTRALIA+DENMARK",4,0.0160771704180064,93.782154340836
"PW","AUSTRALIA+TAIWAN",4,0.0160771704180064,93.798231511254
"PW","AUSTRIA+IRAN",4,0.0160771704180064,93.814308681672
"PW","AUSTRIA+THAILAND",4,0.0160771704180064,93.83038585209
"PW","BELGIUM+IRAN",4,0.0160771704180064,93.846463022508
"PW","BRAZIL+DENMARK",4,0.0160771704180064,93.862540192926
"PW","BRAZIL+JAPAN",4,0.0160771704180064,93.878617363344
"PW","BULGARIA+USA",4,0.0160771704180064,93.8946945337621
"PW","CAMEROON+ITALY",4,0.0160771704180064,93.9107717041801
"PW","CANADA+HONG KONG",4,0.0160771704180064,93.9268488745981
"PW","CANADA+KOREA",4,0.0160771704180064,93.9429260450161
"PW","CANADA+NEW ZEALAND",4,0.0160771704180064,93.9590032154341
"PW","CANADA+PAKISTAN",4,0.0160771704180064,93.9750803858521
"PW","CANADA+POLAND",4,0.0160771704180064,93.9911575562701
"PW","CANADA+SINGAPORE",4,0.0160771704180064,94.0072347266881
"PW","CHILE+FRANCE",4,0.0160771704180064,94.0233118971061
"PW","CHILE+GERMANY",4,0.0160771704180064,94.0393890675241
"PW","CHINA+KENYA",4,0.0160771704180064,94.0554662379421
"PW","CHINA+MEXICO",4,0.0160771704180064,94.0715434083601
"PW","COLOMBIA+SWITZERLAND",4,0.0160771704180064,94.0876205787781
"PW","CROATIA+SLOVENIA",4,0.0160771704180064,94.1036977491961
"PW","CROATIA+UNITED KINGDOM",4,0.0160771704180064,94.1197749196141
"PW","CUBA+GERMANY",4,0.0160771704180064,94.1358520900322
"PW","CYPRUS+ITALY",4,0.0160771704180064,94.1519292604502
"PW","CYPRUS+USA",4,0.0160771704180064,94.1680064308682
"PW","CZECH REPUBLIC+SPAIN",4,0.0160771704180064,94.1840836012862
"PW","DENMARK+NETHERLANDS",4,0.0160771704180064,94.2001607717042
"PW","DENMARK+POLAND",4,0.0160771704180064,94.2162379421222
"PW","DENMARK+SPAIN",4,0.0160771704180064,94.2323151125402
"PW","DENMARK+TURKEY",4,0.0160771704180064,94.2483922829582
"PW","ECUADOR+SPAIN",4,0.0160771704180064,94.2644694533762
"PW","EGYPT+MALAYSIA",4,0.0160771704180064,94.2805466237942
"PW","EGYPT+MEXICO",4,0.0160771704180064,94.2966237942122
"PW","EGYPT+SWITZERLAND",4,0.0160771704180064,94.3127009646302
"PW","ETHIOPIA+USA",4,0.0160771704180064,94.3287781350482
"PW","FRANCE+ISRAEL",4,0.0160771704180064,94.3448553054662
"PW","FRANCE+NETHERLANDS",4,0.0160771704180064,94.3609324758842
"PW","FRANCE+TURKEY",4,0.0160771704180064,94.3770096463023
"PW","FRANCE+UKRAINE",4,0.0160771704180064,94.3930868167203
"PW","GERMANY+IRAQ",4,0.0160771704180064,94.4091639871383
"PW","GERMANY+NORWAY",4,0.0160771704180064,94.4252411575563
"PW","GERMANY+SINGAPORE",4,0.0160771704180064,94.4413183279743
"PW","HUNGARY+ROMANIA",4,0.0160771704180064,94.4573954983923
"PW","HUNGARY+SLOVAKIA",4,0.0160771704180064,94.4734726688103
"PW","HUNGARY+UNITED KINGDOM",4,0.0160771704180064,94.4895498392283
"PW","INDIA+ISRAEL",4,0.0160771704180064,94.5056270096463
"PW","INDIA+SINGAPORE",4,0.0160771704180064,94.5217041800643
"PW","INDONESIA+MALAYSIA",4,0.0160771704180064,94.5377813504823
"PW","IRAN+IRAQ",4,0.0160771704180064,94.5538585209003
"PW","IRAN+NORWAY",4,0.0160771704180064,94.5699356913183
"PW","IRAN+SAUDI ARABIA",4,0.0160771704180064,94.5860128617363
"PW","IRAN+SWEDEN",4,0.0160771704180064,94.6020900321543
"PW","IRAN+TAIWAN",4,0.0160771704180064,94.6181672025724
"PW","IRAQ+MALAYSIA",4,0.0160771704180064,94.6342443729904
"PW","IRAQ+USA",4,0.0160771704180064,94.6503215434084
"PW","ITALY+SOUTH AFRICA",4,0.0160771704180064,94.6663987138264
"PW","ITALY+UKRAINE",4,0.0160771704180064,94.6824758842444
"PW","JAPAN+THAILAND",4,0.0160771704180064,94.6985530546624
"PW","MALAYSIA+PAKISTAN",4,0.0160771704180064,94.7146302250804
"PW","MOROCCO+SPAIN",4,0.0160771704180064,94.7307073954984
"PW","NETHERLANDS+SINGAPORE",4,0.0160771704180064,94.7467845659164
"PW","PAKISTAN+TURKEY",4,0.0160771704180064,94.7628617363344
"PW","ROMANIA+TURKEY",4,0.0160771704180064,94.7789389067524
"PW","SAUDI ARABIA+TUNISIA",4,0.0160771704180064,94.7950160771704
"PW","SPAIN+SWEDEN",4,0.0160771704180064,94.8110932475884
"PW","SPAIN+TUNISIA",4,0.0160771704180064,94.8271704180064
"PW","SPAIN+URUGUAY",4,0.0160771704180064,94.8432475884244
"PW","SWITZERLAND+THAILAND",4,0.0160771704180064,94.8593247588424
"PW","UGANDA+USA",4,0.0160771704180064,94.8754019292604
"PW","UNITED KINGDOM+ITALY",4,0.0160771704180064,94.8914790996785
"PW","UNITED KINGDOM+SINGAPORE",4,0.0160771704180064,94.9075562700965
"PW","UNITED KINGDOM+SOUTH AFRICA",4,0.0160771704180064,94.9236334405145
"PW","ALGERIA+SPAIN",3,0.0120578778135048,94.935691318328
"PW","ALGERIA+TUNISIA",3,0.0120578778135048,94.9477491961415
"PW","ALGERIA+USA",3,0.0120578778135048,94.959807073955
"PW","ARGENTINA+FRANCE",3,0.0120578778135048,94.9718649517685
"PW","ARGENTINA+MEXICO",3,0.0120578778135048,94.983922829582
"PW","ARGENTINA+URUGUAY",3,0.0120578778135048,94.9959807073955
"PW","AUSTRALIA+BANGLADESH",3,0.0120578778135048,95.008038585209
"PW","AUSTRALIA+BELGIUM",3,0.0120578778135048,95.0200964630225
"PW","AUSTRALIA+KUWAIT",3,0.0120578778135048,95.032154340836
"PW","AUSTRALIA+SRI LANKA",3,0.0120578778135048,95.0442122186495
"PW","AUSTRIA+FRANCE",3,0.0120578778135048,95.056270096463
"PW","AUSTRIA+GREECE",3,0.0120578778135048,95.0683279742765
"PW","AUSTRIA+JAPAN",3,0.0120578778135048,95.08038585209
"PW","BAHRAIN+SAUDI ARABIA",3,0.0120578778135048,95.0924437299035
"PW","BANGLADESH+BANGLADESH",3,0.0120578778135048,95.104501607717
"PW","BELGIUM+FINLAND",3,0.0120578778135048,95.1165594855305
"PW","BELGIUM+SOUTH AFRICA",3,0.0120578778135048,95.128617363344
"PW","BOTSWANA+CAMEROON",3,0.0120578778135048,95.1406752411576
"PW","BRAZIL+COSTA RICA",3,0.0120578778135048,95.1527331189711
"PW","BRAZIL+CUBA",3,0.0120578778135048,95.1647909967846
"PW","BRAZIL+PAKISTAN",3,0.0120578778135048,95.1768488745981
"PW","BRAZIL+URUGUAY",3,0.0120578778135048,95.1889067524116
"PW","BURKINA FASO+SWITZERLAND",3,0.0120578778135048,95.2009646302251
"PW","CAMEROON+FRANCE",3,0.0120578778135048,95.2130225080386
"PW","CANADA+CHILE",3,0.0120578778135048,95.2250803858521
"PW","CANADA+DENMARK",3,0.0120578778135048,95.2371382636656
"PW","CANADA+MALAYSIA",3,0.0120578778135048,95.2491961414791
"PW","CANADA+MEXICO",3,0.0120578778135048,95.2612540192926
"PW","CANADA+MOROCCO",3,0.0120578778135048,95.2733118971061
"PW","CANADA+QATAR",3,0.0120578778135048,95.2853697749196
"PW","CANADA+TAIWAN",3,0.0120578778135048,95.2974276527331
"PW","CHILE+COLOMBIA",3,0.0120578778135048,95.3094855305466
"PW","CHILE+ITALY",3,0.0120578778135048,95.3215434083601
"PW","CHINA+CZECH REPUBLIC",3,0.0120578778135048,95.3336012861736
"PW","CHINA+MONGOLIA",3,0.0120578778135048,95.3456591639871
"PW","CHINA+NORTH KOREA",3,0.0120578778135048,95.3577170418006
"PW","CHINA+SERBIA",3,0.0120578778135048,95.3697749196141
"PW","CHINA+SLOVENIA",3,0.0120578778135048,95.3818327974276
"PW","CHINA+SRI LANKA",3,0.0120578778135048,95.3938906752412
"PW","CHINA+SUDAN",3,0.0120578778135048,95.4059485530547
"PW","CHINA+UZBEKISTAN",3,0.0120578778135048,95.4180064308682
"PW","COLOMBIA+MEXICO",3,0.0120578778135048,95.4300643086817
"PW","COLOMBIA+NEW ZEALAND",3,0.0120578778135048,95.4421221864952
"PW","COLOMBIA+UNITED KINGDOM",3,0.0120578778135048,95.4541800643087
"PW","CONGO+USA",3,0.0120578778135048,95.4662379421222
"PW","COSTA RICA+USA",3,0.0120578778135048,95.4782958199357
"PW","CROATIA+SERBIA",3,0.0120578778135048,95.4903536977492
"PW","CUBA+SPAIN",3,0.0120578778135048,95.5024115755627
"PW","CYPRUS+GREECE",3,0.0120578778135048,95.5144694533762
"PW","CZECH REPUBLIC+ITALY",3,0.0120578778135048,95.5265273311897
"PW","CZECH REPUBLIC+SLOVAKIA",3,0.0120578778135048,95.5385852090032
"PW","DENMARK+FINLAND",3,0.0120578778135048,95.5506430868167
"PW","DENMARK+FRANCE",3,0.0120578778135048,95.5627009646302
"PW","DENMARK+IRELAND",3,0.0120578778135048,95.5747588424437
"PW","DENMARK+SWITZERLAND",3,0.0120578778135048,95.5868167202572
"PW","ESTONIA+ESTONIA",3,0.0120578778135048,95.5988745980707
"PW","ETHIOPIA+NORWAY",3,0.0120578778135048,95.6109324758842
"PW","FINLAND+NORWAY",3,0.0120578778135048,95.6229903536977
"PW","FINLAND+SPAIN",3,0.0120578778135048,95.6350482315112
"PW","FRANCE+GREECE",3,0.0120578778135048,95.6471061093248
"PW","FRANCE+MEXICO",3,0.0120578778135048,95.6591639871383
"PW","FRANCE+NEW ZEALAND",3,0.0120578778135048,95.6712218649518
"PW","FRANCE+THAILAND",3,0.0120578778135048,95.6832797427653
"PW","GERMANY+HUNGARY",3,0.0120578778135048,95.6953376205788
"PW","GERMANY+MEXICO",3,0.0120578778135048,95.7073954983923
"PW","GERMANY+ROMANIA",3,0.0120578778135048,95.7194533762058
"PW","GHANA+USA",3,0.0120578778135048,95.7315112540193
"PW","GREECE+IRAN",3,0.0120578778135048,95.7435691318328
"PW","GREECE+SWEDEN",3,0.0120578778135048,95.7556270096463
"PW","HONDURAS+USA",3,0.0120578778135048,95.7676848874598
"PW","HONG KONG+JAPAN",3,0.0120578778135048,95.7797427652733
"PW","INDIA+IRAN",3,0.0120578778135048,95.7918006430868
"PW","INDIA+PORTUGAL",3,0.0120578778135048,95.8038585209003
"PW","IRAN+NETHERLANDS",3,0.0120578778135048,95.8159163987138
"PW","IRAN+NEW ZEALAND",3,0.0120578778135048,95.8279742765273
"PW","IRAN+SWITZERLAND",3,0.0120578778135048,95.8400321543408
"PW","IRELAND+ITALY",3,0.0120578778135048,95.8520900321543
"PW","ITALY+KOREA",3,0.0120578778135048,95.8641479099678
"PW","JAPAN+SWEDEN",3,0.0120578778135048,95.8762057877813
"PW","JAPAN+UKRAINE",3,0.0120578778135048,95.8882636655948
"PW","JORDAN+TUNISIA",3,0.0120578778135048,95.9003215434084
"PW","KOREA+SAUDI ARABIA",3,0.0120578778135048,95.9123794212219
"PW","KOREA+TAIWAN",3,0.0120578778135048,95.9244372990354
"PW","KOREA+VIETNAM",3,0.0120578778135048,95.9364951768489
"PW","LAOS+USA",3,0.0120578778135048,95.9485530546624
"PW","LATVIA+LATVIA",3,0.0120578778135048,95.9606109324759
"PW","LEBANON+USA",3,0.0120578778135048,95.9726688102894
"PW","MALAYSIA+SAUDI ARABIA",3,0.0120578778135048,95.9847266881029
"PW","MALAYSIA+THAILAND",3,0.0120578778135048,95.9967845659164
"PW","MEXICO+SOUTH AFRICA",3,0.0120578778135048,96.0088424437299
"PW","NEPAL+USA",3,0.0120578778135048,96.0209003215434
"PW","NETHERLANDS+POLAND",3,0.0120578778135048,96.0329581993569
"PW","NETHERLANDS+SWEDEN",3,0.0120578778135048,96.0450160771704
"PW","NETHERLANDS+TURKEY",3,0.0120578778135048,96.0570739549839
"PW","NORWAY+SPAIN",3,0.0120578778135048,96.0691318327974
"PW","PAKISTAN+SOUTH AFRICA",3,0.0120578778135048,96.0811897106109
"PW","PHILIPPINES+PHILIPPINES",3,0.0120578778135048,96.0932475884244
"PW","POLAND+PORTUGAL",3,0.0120578778135048,96.1053054662379
"PW","POLAND+TAIWAN",3,0.0120578778135048,96.1173633440514
"PW","PORTUGAL+SWEDEN",3,0.0120578778135048,96.129421221865
"PW","PORTUGAL+SWITZERLAND",3,0.0120578778135048,96.1414790996785
"PW","QATAR+UNITED KINGDOM",3,0.0120578778135048,96.153536977492
"PW","RUSSIA+USA",3,0.0120578778135048,96.1655948553055
"PW","SAUDI ARABIA+SPAIN",3,0.0120578778135048,96.177652733119
"PW","SERBIA+SLOVENIA",3,0.0120578778135048,96.1897106109325
"PW","SINGAPORE+THAILAND",3,0.0120578778135048,96.201768488746
"PW","SOUTH AFRICA+SPAIN",3,0.0120578778135048,96.2138263665595
"PW","SPAIN+TURKEY",3,0.0120578778135048,96.225884244373
"PW","SWEDEN+TURKEY",3,0.0120578778135048,96.2379421221865
"PW","AFGHANISTAN+USA",2,0.00803858520900321,96.2459807073955
"PW","ALGERIA+MOROCCO",2,0.00803858520900321,96.2540192926045
"PW","ALGERIA+PORTUGAL",2,0.00803858520900321,96.2620578778135
"PW","ARGENTINA+AUSTRIA",2,0.00803858520900321,96.2700964630225
"PW","ARGENTINA+GERMANY",2,0.00803858520900321,96.2781350482315
"PW","ARGENTINA+INDIA",2,0.00803858520900321,96.2861736334405
"PW","AUSTRALIA+CHILE",2,0.00803858520900321,96.2942122186495
"PW","AUSTRALIA+FIJI",2,0.00803858520900321,96.3022508038585
"PW","AUSTRALIA+LUXEMBOURG",2,0.00803858520900321,96.3102893890675
"PW","AUSTRALIA+SERBIA",2,0.00803858520900321,96.3183279742765
"PW","AUSTRALIA+TUNISIA",2,0.00803858520900321,96.3263665594855
"PW","AUSTRALIA+VIETNAM",2,0.00803858520900321,96.3344051446945
"PW","AUSTRIA+CANADA",2,0.00803858520900321,96.3424437299035
"PW","AUSTRIA+CHINA",2,0.00803858520900321,96.3504823151125
"PW","AUSTRIA+FINLAND",2,0.00803858520900321,96.3585209003215
"PW","AUSTRIA+HUNGARY",2,0.00803858520900321,96.3665594855305
"PW","AUSTRIA+INDIA",2,0.00803858520900321,96.3745980707396
"PW","AUSTRIA+MALAYSIA",2,0.00803858520900321,96.3826366559486
"PW","AUSTRIA+NORWAY",2,0.00803858520900321,96.3906752411576
"PW","AUSTRIA+POLAND",2,0.00803858520900321,96.3987138263666
"PW","AUSTRIA+RUSSIA",2,0.00803858520900321,96.4067524115756
"PW","AUSTRIA+SLOVAKIA",2,0.00803858520900321,96.4147909967846
"PW","AUSTRIA+SOUTH AFRICA",2,0.00803858520900321,96.4228295819936
"PW","AUSTRIA+UKRAINE",2,0.00803858520900321,96.4308681672026
"PW","BANGLADESH+CHINA",2,0.00803858520900321,96.4389067524116
"PW","BANGLADESH+INDIA",2,0.00803858520900321,96.4469453376206
"PW","BANGLADESH+NETHERLANDS",2,0.00803858520900321,96.4549839228296
"PW","BANGLADESH+POLAND",2,0.00803858520900321,96.4630225080386
"PW","BANGLADESH+VIETNAM",2,0.00803858520900321,96.4710610932476
"PW","BELGIUM+CANADA",2,0.00803858520900321,96.4790996784566
"PW","BELGIUM+GREECE",2,0.00803858520900321,96.4871382636656
"PW","BELGIUM+ROMANIA",2,0.00803858520900321,96.4951768488746
"PW","BELGIUM+THAILAND",2,0.00803858520900321,96.5032154340836
"PW","BELGIUM+TUNISIA",2,0.00803858520900321,96.5112540192926
"PW","BELGIUM+TURKEY",2,0.00803858520900321,96.5192926045016
"PW","BENIN+FRANCE",2,0.00803858520900321,96.5273311897106
"PW","BENIN+USA",2,0.00803858520900321,96.5353697749196
"PW","BOLIVIA+SWEDEN",2,0.00803858520900321,96.5434083601286
"PW","BRAZIL+CZECH REPUBLIC",2,0.00803858520900321,96.5514469453376
"PW","BRAZIL+ECUADOR",2,0.00803858520900321,96.5594855305466
"PW","BRAZIL+EGYPT",2,0.00803858520900321,96.5675241157556
"PW","BRAZIL+FINLAND",2,0.00803858520900321,96.5755627009646
"PW","BRAZIL+HUNGARY",2,0.00803858520900321,96.5836012861736
"PW","BRAZIL+INDIA",2,0.00803858520900321,96.5916398713826
"PW","BRAZIL+IRELAND",2,0.00803858520900321,96.5996784565916
"PW","BRAZIL+NEW ZEALAND",2,0.00803858520900321,96.6077170418006
"PW","BRAZIL+PERU",2,0.00803858520900321,96.6157556270096
"PW","BRAZIL+VENEZUELA",2,0.00803858520900321,96.6237942122187
"PW","BULGARIA+SPAIN",2,0.00803858520900321,96.6318327974276
"PW","BURKINA FASO+ZIMBABWE",2,0.00803858520900321,96.6398713826367
"PW","CAMBODIA+SWITZERLAND",2,0.00803858520900321,96.6479099678457
"PW","CAMEROON+CANADA",2,0.00803858520900321,96.6559485530547
"PW","CAMEROON+INDIA",2,0.00803858520900321,96.6639871382637
"PW","CANADA+COLOMBIA",2,0.00803858520900321,96.6720257234727
"PW","CANADA+URUGUAY",2,0.00803858520900321,96.6800643086817
"PW","CENTRAL AFRICAN REPUBLIC+UNITED KINGDOM",2,0.00803858520900321,96.6881028938907
"PW","CHILE+COSTA RICA",2,0.00803858520900321,96.6961414790997
"PW","CHILE+MEXICO",2,0.00803858520900321,96.7041800643087
"PW","CHINA+ECUADOR",2,0.00803858520900321,96.7122186495177
"PW","CHINA+HUNGARY",2,0.00803858520900321,96.7202572347267
"PW","CHINA+IRAQ",2,0.00803858520900321,96.7282958199357
"PW","CHINA+KAZAKHSTAN",2,0.00803858520900321,96.7363344051447
"PW","CHINA+KYRGYZSTAN",2,0.00803858520900321,96.7443729903537
"PW","CHINA+MYANMAR",2,0.00803858520900321,96.7524115755627
"PW","CHINA+QATAR",2,0.00803858520900321,96.7604501607717
"PW","CHINA+RWANDA",2,0.00803858520900321,96.7684887459807
"PW","COSTA RICA+FRANCE",2,0.00803858520900321,96.7765273311897
"PW","COSTA RICA+ITALY",2,0.00803858520900321,96.7845659163987
"PW","CROATIA+GERMANY",2,0.00803858520900321,96.7926045016077
"PW","CROATIA+SPAIN",2,0.00803858520900321,96.8006430868167
"PW","CUBA+CUBA",2,0.00803858520900321,96.8086816720257
"PW","CUBA+ECUADOR",2,0.00803858520900321,96.8167202572347
"PW","CYPRUS+PORTUGAL",2,0.00803858520900321,96.8247588424437
"PW","CZECH REPUBLIC+PORTUGAL",2,0.00803858520900321,96.8327974276527
"PW","CZECH REPUBLIC+SWITZERLAND",2,0.00803858520900321,96.8408360128617
"PW","CZECH REPUBLIC+TAIWAN",2,0.00803858520900321,96.8488745980707
"PW","CZECH REPUBLIC+UKRAINE",2,0.00803858520900321,96.8569131832797
"PW","DENMARK+INDIA",2,0.00803858520900321,96.8649517684888
"PW","DENMARK+KOREA",2,0.00803858520900321,96.8729903536977
"PW","DENMARK+MALAYSIA",2,0.00803858520900321,96.8810289389068
"PW","DENMARK+PORTUGAL",2,0.00803858520900321,96.8890675241158
"PW","DENMARK+THAILAND",2,0.00803858520900321,96.8971061093248
"PW","EGYPT+FRANCE",2,0.00803858520900321,96.9051446945338
"PW","EGYPT+INDIA",2,0.00803858520900321,96.9131832797428
"PW","EGYPT+ITALY",2,0.00803858520900321,96.9212218649518
"PW","EGYPT+NIGERIA",2,0.00803858520900321,96.9292604501608
"PW","EGYPT+PAKISTAN",2,0.00803858520900321,96.9372990353698
"PW","EGYPT+ROMANIA",2,0.00803858520900321,96.9453376205788
"PW","EGYPT+SWEDEN",2,0.00803858520900321,96.9533762057878
"PW","ESTONIA+FINLAND",2,0.00803858520900321,96.9614147909968
"PW","ETHIOPIA+SWEDEN",2,0.00803858520900321,96.9694533762058
"PW","FINLAND+GREECE",2,0.00803858520900321,96.9774919614148
"PW","FINLAND+INDIA",2,0.00803858520900321,96.9855305466238
"PW","FRANCE+HONG KONG",2,0.00803858520900321,96.9935691318328
"PW","FRANCE+HUNGARY",2,0.00803858520900321,97.0016077170418
"PW","FRANCE+IRELAND",2,0.00803858520900321,97.0096463022508
"PW","FRANCE+NEPAL",2,0.00803858520900321,97.0176848874598
"PW","FRANCE+PHILIPPINES",2,0.00803858520900321,97.0257234726688
"PW","FRANCE+SAUDI ARABIA",2,0.00803858520900321,97.0337620578778
"PW","FRANCE+SERBIA",2,0.00803858520900321,97.0418006430868
"PW","FRANCE+SINGAPORE",2,0.00803858520900321,97.0498392282958
"PW","FRANCE+TAIWAN",2,0.00803858520900321,97.0578778135048
"PW","GAMBIA+USA",2,0.00803858520900321,97.0659163987138
"PW","GERMANY+JORDAN",2,0.00803858520900321,97.0739549839228
"PW","GERMANY+NIGERIA",2,0.00803858520900321,97.0819935691318
"PW","GERMANY+SOUTH AFRICA",2,0.00803858520900321,97.0900321543408
"PW","GERMANY+TAIWAN",2,0.00803858520900321,97.0980707395498
"PW","GERMANY+UKRAINE",2,0.00803858520900321,97.1061093247588
"PW","GHANA+NORWAY",2,0.00803858520900321,97.1141479099678
"PW","GREECE+SAUDI ARABIA",2,0.00803858520900321,97.1221864951768
"PW","GREECE+SWITZERLAND",2,0.00803858520900321,97.1302250803859
"PW","GUINEA+SAUDI ARABIA",2,0.00803858520900321,97.1382636655948
"PW","HAITI+USA",2,0.00803858520900321,97.1463022508039
"PW","HONG KONG+QATAR",2,0.00803858520900321,97.1543408360129
"PW","HONG KONG+SOUTH AFRICA",2,0.00803858520900321,97.1623794212219
"PW","HONG KONG+TAIWAN",2,0.00803858520900321,97.1704180064309
"PW","HONG KONG+UNITED KINGDOM",2,0.00803858520900321,97.1784565916399
"PW","HUNGARY+JAPAN",2,0.00803858520900321,97.1864951768489
"PW","ICELAND+THAILAND",2,0.00803858520900321,97.1945337620579
"PW","INDIA+MEXICO",2,0.00803858520900321,97.2025723472669
"PW","INDIA+NETHERLANDS",2,0.00803858520900321,97.2106109324759
"PW","INDIA+NORWAY",2,0.00803858520900321,97.2186495176849
"PW","INDIA+SWITZERLAND",2,0.00803858520900321,97.2266881028939
"PW","INDONESIA+JAPAN",2,0.00803858520900321,97.2347266881029
"PW","INDONESIA+NETHERLANDS",2,0.00803858520900321,97.2427652733119
"PW","INDONESIA+SPAIN",2,0.00803858520900321,97.2508038585209
"PW","INDONESIA+THAILAND",2,0.00803858520900321,97.2588424437299
"PW","INDONESIA+USA",2,0.00803858520900321,97.2668810289389
"PW","IRAN+KOREA",2,0.00803858520900321,97.2749196141479
"PW","IRAN+SINGAPORE",2,0.00803858520900321,97.2829581993569
"PW","IRAN+SOUTH AFRICA",2,0.00803858520900321,97.2909967845659
"PW","IRAN+THAILAND",2,0.00803858520900321,97.2990353697749
"PW","IRAQ+TURKEY",2,0.00803858520900321,97.3070739549839
"PW","IRELAND+NETHERLANDS",2,0.00803858520900321,97.3151125401929
"PW","ISRAEL+PORTUGAL",2,0.00803858520900321,97.3231511254019
"PW","ITALY+SLOVENIA",2,0.00803858520900321,97.3311897106109
"PW","JAPAN+POLAND",2,0.00803858520900321,97.3392282958199
"PW","JAPAN+SPAIN",2,0.00803858520900321,97.3472668810289
"PW","JAPAN+TUNISIA",2,0.00803858520900321,97.3553054662379
"PW","JAPAN+TURKEY",2,0.00803858520900321,97.3633440514469
"PW","JAPAN+VIETNAM",2,0.00803858520900321,97.371382636656
"PW","JORDAN+UNITED KINGDOM",2,0.00803858520900321,97.379421221865
"PW","KAZAKHSTAN+KAZAKHSTAN",2,0.00803858520900321,97.387459807074
"PW","KOREA+SWEDEN",2,0.00803858520900321,97.395498392283
"PW","KOREA+THAILAND",2,0.00803858520900321,97.403536977492
"PW","KUWAIT+KUWAIT",2,0.00803858520900321,97.411575562701
"PW","MALAWI+USA",2,0.00803858520900321,97.41961414791
"PW","MALAYSIA+TURKEY",2,0.00803858520900321,97.427652733119
"PW","MEXICO+PORTUGAL",2,0.00803858520900321,97.435691318328
"PW","MEXICO+TURKEY",2,0.00803858520900321,97.443729903537
"PW","MEXICO+UKRAINE",2,0.00803858520900321,97.451768488746
"PW","MOLDOVA+ROMANIA",2,0.00803858520900321,97.459807073955
"PW","MOROCCO+TURKEY",2,0.00803858520900321,97.467845659164
"PW","MOROCCO+USA",2,0.00803858520900321,97.475884244373
"PW","NEPAL+NEPAL",2,0.00803858520900321,97.483922829582
"PW","NETHERLANDS+SOUTH AFRICA",2,0.00803858520900321,97.491961414791
"PW","NIGERIA+UNITED KINGDOM",2,0.00803858520900321,97.5
"PW","NORWAY+SWITZERLAND",2,0.00803858520900321,97.508038585209
"PW","OMAN+OMAN",2,0.00803858520900321,97.516077170418
"PW","OMAN+UNITED KINGDOM",2,0.00803858520900321,97.524115755627
"PW","PAKISTAN+QATAR",2,0.00803858520900321,97.532154340836
"PW","PERU+USA",2,0.00803858520900321,97.540192926045
"PW","PHILIPPINES+USA",2,0.00803858520900321,97.548231511254
"PW","PORTUGAL+TUNISIA",2,0.00803858520900321,97.556270096463
"PW","SAUDI ARABIA+TAIWAN",2,0.00803858520900321,97.564308681672
"PW","SAUDI ARABIA+YEMEN",2,0.00803858520900321,97.572347266881
"PW","SERBIA+UNITED KINGDOM",2,0.00803858520900321,97.58038585209
"PW","SINGAPORE+SWITZERLAND",2,0.00803858520900321,97.588424437299
"PW","SLOVAKIA+SPAIN",2,0.00803858520900321,97.596463022508
"PW","SLOVAKIA+TURKEY",2,0.00803858520900321,97.604501607717
"PW","SLOVENIA+SPAIN",2,0.00803858520900321,97.612540192926
"PW","SOUTH AFRICA+SWEDEN",2,0.00803858520900321,97.6205787781351
"PW","SOUTH AFRICA+TURKEY",2,0.00803858520900321,97.628617363344
"PW","SOUTH AFRICA+UNITED KINGDOM",2,0.00803858520900321,97.6366559485531
"PW","SOUTH AFRICA+ZIMBABWE",2,0.00803858520900321,97.6446945337621
"PW","SWEDEN+SWITZERLAND",2,0.00803858520900321,97.6527331189711
"PW","SWITZERLAND+TURKEY",2,0.00803858520900321,97.6607717041801
"PW","TANZANIA+USA",2,0.00803858520900321,97.6688102893891
"PW","THAILAND+UNITED KINGDOM",2,0.00803858520900321,97.6768488745981
"PW","U ARAB EMIRATES+U ARAB EMIRATES",2,0.00803858520900321,97.6848874598071
"PW","U ARAB EMIRATES+USA",2,0.00803858520900321,97.6929260450161
"PW","UKRAINE+USA",2,0.00803858520900321,97.7009646302251
"PW","UNITED KINGDOM+FRANCE",2,0.00803858520900321,97.7090032154341
"PW","UNITED KINGDOM+NEW ZEALAND",2,0.00803858520900321,97.7170418006431
"PW","UNITED KINGDOM+NORWAY",2,0.00803858520900321,97.7250803858521
"PW","UNITED KINGDOM+PAKISTAN",2,0.00803858520900321,97.7331189710611
"PW","UNITED KINGDOM+PORTUGAL",2,0.00803858520900321,97.7411575562701
"PW","UNITED KINGDOM+SWEDEN",2,0.00803858520900321,97.7491961414791
"PW","UNITED KINGDOM+TAIWAN",2,0.00803858520900321,97.7572347266881
"PW","UNITED KINGDOM+THAILAND",2,0.00803858520900321,97.7652733118971
"PW","UNITED KINGDOM+TURKEY",2,0.00803858520900321,97.7733118971061
"PW","UNITED KINGDOM+ZIMBABWE",2,0.00803858520900321,97.7813504823151
"PW","USA+VENEZUELA",2,0.00803858520900321,97.7893890675241
"PW","UZBEKISTAN+UZBEKISTAN",2,0.00803858520900321,97.7974276527331
"PW","VENEZUELA+USA",2,0.00803858520900321,97.8054662379421
"PW","VENEZUELA+VENEZUELA",2,0.00803858520900321,97.8135048231511
"PW","ALBANIA+PAKISTAN",1,0.00401929260450161,97.8175241157556
"PW","ALBANIA+SLOVAKIA",1,0.00401929260450161,97.8215434083601
"PW","ALBANIA+UNITED KINGDOM",1,0.00401929260450161,97.8255627009646
"PW","ALGERIA+BELGIUM",1,0.00401929260450161,97.8295819935691
"PW","ALGERIA+CANADA",1,0.00401929260450161,97.8336012861736
"PW","ALGERIA+EGYPT",1,0.00401929260450161,97.8376205787781
"PW","ALGERIA+GERMANY",1,0.00401929260450161,97.8416398713826
"PW","ALGERIA+INDIA",1,0.00401929260450161,97.8456591639871
"PW","ALGERIA+IRAN",1,0.00401929260450161,97.8496784565916
"PW","ALGERIA+MALAYSIA",1,0.00401929260450161,97.8536977491961
"PW","ALGERIA+SENEGAL",1,0.00401929260450161,97.8577170418006
"PW","ALGERIA+SERBIA",1,0.00401929260450161,97.8617363344052
"PW","ALGERIA+SWEDEN",1,0.00401929260450161,97.8657556270096
"PW","ALGERIA+TURKEY",1,0.00401929260450161,97.8697749196141
"PW","ANGOLA+FRANCE",1,0.00401929260450161,97.8737942122187
"PW","ANGOLA+USA",1,0.00401929260450161,97.8778135048232
"PW","ARGENTINA+AUSTRALIA",1,0.00401929260450161,97.8818327974276
"PW","ARGENTINA+BELGIUM",1,0.00401929260450161,97.8858520900322
"PW","ARGENTINA+CHILE",1,0.00401929260450161,97.8898713826367
"PW","ARGENTINA+COSTA RICA",1,0.00401929260450161,97.8938906752412
"PW","ARGENTINA+HUNGARY",1,0.00401929260450161,97.8979099678457
"PW","ARGENTINA+KOREA",1,0.00401929260450161,97.9019292604502
"PW","ARGENTINA+NIGERIA",1,0.00401929260450161,97.9059485530547
"PW","ARGENTINA+NORWAY",1,0.00401929260450161,97.9099678456592
"PW","ARGENTINA+PERU",1,0.00401929260450161,97.9139871382637
"PW","ARGENTINA+SLOVENIA",1,0.00401929260450161,97.9180064308682
"PW","ARGENTINA+SOUTH AFRICA",1,0.00401929260450161,97.9220257234727
"PW","ARGENTINA+SWEDEN",1,0.00401929260450161,97.9260450160772
"PW","ARGENTINA+SWITZERLAND",1,0.00401929260450161,97.9300643086817
"PW","ARGENTINA+TURKEY",1,0.00401929260450161,97.9340836012862
"PW","ARGENTINA+VENEZUELA",1,0.00401929260450161,97.9381028938907
"PW","ARMENIA+GREECE",1,0.00401929260450161,97.9421221864952
"PW","ARMENIA+USA",1,0.00401929260450161,97.9461414790997
"PW","AUSTRALIA+CAMBODIA",1,0.00401929260450161,97.9501607717042
"PW","AUSTRALIA+COLOMBIA",1,0.00401929260450161,97.9541800643087
"PW","AUSTRALIA+COSTA RICA",1,0.00401929260450161,97.9581993569132
"PW","AUSTRALIA+EGYPT",1,0.00401929260450161,97.9622186495177
"PW","AUSTRALIA+ISRAEL",1,0.00401929260450161,97.9662379421222
"PW","AUSTRALIA+JORDAN",1,0.00401929260450161,97.9702572347267
"PW","AUSTRALIA+LAOS",1,0.00401929260450161,97.9742765273312
"PW","AUSTRALIA+MEXICO",1,0.00401929260450161,97.9782958199357
"PW","AUSTRALIA+MOROCCO",1,0.00401929260450161,97.9823151125402
"PW","AUSTRALIA+NEPAL",1,0.00401929260450161,97.9863344051447
"PW","AUSTRALIA+NIGERIA",1,0.00401929260450161,97.9903536977492
"PW","AUSTRALIA+NORWAY",1,0.00401929260450161,97.9943729903537
"PW","AUSTRALIA+OMAN",1,0.00401929260450161,97.9983922829582
"PW","AUSTRALIA+PAPUA NEW GUINEA",1,0.00401929260450161,98.0024115755627
"PW","AUSTRALIA+PORTUGAL",1,0.00401929260450161,98.0064308681672
"PW","AUSTRALIA+QATAR",1,0.00401929260450161,98.0104501607717
"PW","AUSTRALIA+RUSSIA",1,0.00401929260450161,98.0144694533762
"PW","AUSTRALIA+SLOVAKIA",1,0.00401929260450161,98.0184887459807
"PW","AUSTRALIA+UKRAINE",1,0.00401929260450161,98.0225080385852
"PW","AUSTRIA+COLOMBIA",1,0.00401929260450161,98.0265273311897
"PW","AUSTRIA+CROATIA",1,0.00401929260450161,98.0305466237942
"PW","AUSTRIA+CZECH REPUBLIC",1,0.00401929260450161,98.0345659163987
"PW","AUSTRIA+IRELAND",1,0.00401929260450161,98.0385852090032
"PW","AUSTRIA+MACEDONIA",1,0.00401929260450161,98.0426045016077
"PW","AUSTRIA+PORTUGAL",1,0.00401929260450161,98.0466237942122
"PW","AUSTRIA+SERBIA",1,0.00401929260450161,98.0506430868167
"PW","AUSTRIA+TAIWAN",1,0.00401929260450161,98.0546623794212
"PW","AUSTRIA+TURKEY",1,0.00401929260450161,98.0586816720257
"PW","AZERBAIJAN+IRAN",1,0.00401929260450161,98.0627009646302
"PW","AZERBAIJAN+ITALY",1,0.00401929260450161,98.0667202572347
"PW","AZERBAIJAN+NETHERLANDS",1,0.00401929260450161,98.0707395498392
"PW","AZERBAIJAN+TURKEY",1,0.00401929260450161,98.0747588424437
"PW","AZERBAIJAN+USA",1,0.00401929260450161,98.0787781350482
"PW","AZERBAIJAN+YEMEN",1,0.00401929260450161,98.0827974276527
"PW","BAHRAIN+EGYPT",1,0.00401929260450161,98.0868167202572
"PW","BAHRAIN+ITALY",1,0.00401929260450161,98.0908360128617
"PW","BAHRAIN+NEW ZEALAND",1,0.00401929260450161,98.0948553054662
"PW","BAHRAIN+TUNISIA",1,0.00401929260450161,98.0988745980707
"PW","BAHRAIN+YEMEN",1,0.00401929260450161,98.1028938906752
"PW","BANGLADESH+CANADA",1,0.00401929260450161,98.1069131832797
"PW","BANGLADESH+HONG KONG",1,0.00401929260450161,98.1109324758842
"PW","BANGLADESH+IRELAND",1,0.00401929260450161,98.1149517684888
"PW","BANGLADESH+MALAYSIA",1,0.00401929260450161,98.1189710610932
"PW","BANGLADESH+NEW ZEALAND",1,0.00401929260450161,98.1229903536977
"PW","BANGLADESH+THAILAND",1,0.00401929260450161,98.1270096463023
"PW","BANGLADESH+TURKEY",1,0.00401929260450161,98.1310289389068
"PW","BARBADOS+USA",1,0.00401929260450161,98.1350482315112
"PW","BELARUS+BELARUS",1,0.00401929260450161,98.1390675241158
"PW","BELARUS+CZECH REPUBLIC",1,0.00401929260450161,98.1430868167203
"PW","BELARUS+GERMANY",1,0.00401929260450161,98.1471061093248
"PW","BELARUS+JORDAN",1,0.00401929260450161,98.1511254019293
"PW","BELARUS+LITHUANIA",1,0.00401929260450161,98.1551446945338
"PW","BELARUS+SPAIN",1,0.00401929260450161,98.1591639871383
"PW","BELARUS+USA",1,0.00401929260450161,98.1631832797428
"PW","BELGIUM+CHILE",1,0.00401929260450161,98.1672025723473
"PW","BELGIUM+ECUADOR",1,0.00401929260450161,98.1712218649518
"PW","BELGIUM+ETHIOPIA",1,0.00401929260450161,98.1752411575563
"PW","BELGIUM+GUINEA",1,0.00401929260450161,98.1792604501608
"PW","BELGIUM+INDIA",1,0.00401929260450161,98.1832797427653
"PW","BELGIUM+ISRAEL",1,0.00401929260450161,98.1872990353698
"PW","BELGIUM+KAZAKHSTAN",1,0.00401929260450161,98.1913183279743
"PW","BELGIUM+KENYA",1,0.00401929260450161,98.1953376205788
"PW","BELGIUM+KOREA",1,0.00401929260450161,98.1993569131833
"PW","BELGIUM+MEXICO",1,0.00401929260450161,98.2033762057878
"PW","BELGIUM+NIGER",1,0.00401929260450161,98.2073954983923
"PW","BELGIUM+OMAN",1,0.00401929260450161,98.2114147909968
"PW","BELGIUM+PERU",1,0.00401929260450161,98.2154340836013
"PW","BELGIUM+POLAND",1,0.00401929260450161,98.2194533762058
"PW","BELGIUM+PORTUGAL",1,0.00401929260450161,98.2234726688103
"PW","BELGIUM+RUSSIA",1,0.00401929260450161,98.2274919614148
"PW","BELGIUM+SAUDI ARABIA",1,0.00401929260450161,98.2315112540193
"PW","BELGIUM+SERBIA",1,0.00401929260450161,98.2355305466238
"PW","BELGIUM+SLOVENIA",1,0.00401929260450161,98.2395498392283
"PW","BELGIUM+TAIWAN",1,0.00401929260450161,98.2435691318328
"PW","BELGIUM+UGANDA",1,0.00401929260450161,98.2475884244373
"PW","BELGIUM+UKRAINE",1,0.00401929260450161,98.2516077170418
"PW","BELGIUM+VIETNAM",1,0.00401929260450161,98.2556270096463
"PW","BENIN+UNITED KINGDOM",1,0.00401929260450161,98.2596463022508
"PW","BENIN+VIETNAM",1,0.00401929260450161,98.2636655948553
"PW","BHUTAN+USA",1,0.00401929260450161,98.2676848874598
"PW","BOLIVIA+FRANCE",1,0.00401929260450161,98.2717041800643
"PW","BOTSWANA+FRANCE",1,0.00401929260450161,98.2757234726688
"PW","BOTSWANA+PHILIPPINES",1,0.00401929260450161,98.2797427652733
"PW","BOTSWANA+TAIWAN",1,0.00401929260450161,98.2837620578778
"PW","BOTSWANA+ZIMBABWE",1,0.00401929260450161,98.2877813504823
"PW","BRAZIL+HONDURAS",1,0.00401929260450161,98.2918006430868
"PW","BRAZIL+HONG KONG",1,0.00401929260450161,98.2958199356913
"PW","BRAZIL+IRAN",1,0.00401929260450161,98.2998392282958
"PW","BRAZIL+ISRAEL",1,0.00401929260450161,98.3038585209003
"PW","BRAZIL+MONACO",1,0.00401929260450161,98.3078778135048
"PW","BRAZIL+MOZAMBIQUE",1,0.00401929260450161,98.3118971061093
"PW","BRAZIL+RUSSIA",1,0.00401929260450161,98.3159163987138
"PW","BRAZIL+SAUDI ARABIA",1,0.00401929260450161,98.3199356913183
"PW","BRAZIL+SENEGAL",1,0.00401929260450161,98.3239549839228
"PW","BRAZIL+SINGAPORE",1,0.00401929260450161,98.3279742765273
"PW","BRAZIL+SOUTH AFRICA",1,0.00401929260450161,98.3319935691318
"PW","BRAZIL+THAILAND",1,0.00401929260450161,98.3360128617363
"PW","BRAZIL+TURKEY",1,0.00401929260450161,98.3400321543408
"PW","BRAZIL+ZIMBABWE",1,0.00401929260450161,98.3440514469453
"PW","BULGARIA+CZECH REPUBLIC",1,0.00401929260450161,98.3480707395498
"PW","BULGARIA+FRANCE",1,0.00401929260450161,98.3520900321543
"PW","BULGARIA+ITALY",1,0.00401929260450161,98.3561093247588
"PW","BULGARIA+JAPAN",1,0.00401929260450161,98.3601286173633
"PW","BULGARIA+SWITZERLAND",1,0.00401929260450161,98.3641479099678
"PW","BULGARIA+UNITED KINGDOM",1,0.00401929260450161,98.3681672025724
"PW","BURKINA FASO+FINLAND",1,0.00401929260450161,98.3721864951768
"PW","BURKINA FASO+FRANCE",1,0.00401929260450161,98.3762057877813
"PW","BURKINA FASO+USA",1,0.00401929260450161,98.3802250803859
"PW","BURUNDI+MOROCCO",1,0.00401929260450161,98.3842443729904
"PW","BURUNDI+UGANDA",1,0.00401929260450161,98.3882636655949
"PW","CAMBODIA+JAPAN",1,0.00401929260450161,98.3922829581994
"PW","CAMBODIA+SINGAPORE",1,0.00401929260450161,98.3963022508039
"PW","CAMBODIA+THAILAND",1,0.00401929260450161,98.4003215434084
"PW","CAMBODIA+VIETNAM",1,0.00401929260450161,98.4043408360129
"PW","CAMEROON+CHINA",1,0.00401929260450161,98.4083601286174
"PW","CAMEROON+MYANMAR",1,0.00401929260450161,98.4123794212219
"PW","CAMEROON+ROMANIA",1,0.00401929260450161,98.4163987138264
"PW","CAMEROON+USA",1,0.00401929260450161,98.4204180064309
"PW","CANADA+CONGO",1,0.00401929260450161,98.4244372990354
"PW","CANADA+LUXEMBOURG",1,0.00401929260450161,98.4284565916399
"PW","CANADA+MALAWI",1,0.00401929260450161,98.4324758842444
"PW","CANADA+NORWAY",1,0.00401929260450161,98.4364951768489
"PW","CANADA+OMAN",1,0.00401929260450161,98.4405144694534
"PW","CANADA+SLOVENIA",1,0.00401929260450161,98.4445337620579
"PW","CANADA+SOUTH AFRICA",1,0.00401929260450161,98.4485530546624
"PW","CANADA+TAJIKISTAN",1,0.00401929260450161,98.4525723472669
"PW","CANADA+U ARAB EMIRATES",1,0.00401929260450161,98.4565916398714
"PW","CANADA+UGANDA",1,0.00401929260450161,98.4606109324759
"PW","CANADA+ZAMBIA",1,0.00401929260450161,98.4646302250804
"PW","CENTRAL AFRICAN REPUBLIC+TOGO",1,0.00401929260450161,98.4686495176849
"PW","CHILE+CHINA",1,0.00401929260450161,98.4726688102894
"PW","CHILE+CZECH REPUBLIC",1,0.00401929260450161,98.4766881028939
"PW","CHILE+DENMARK",1,0.00401929260450161,98.4807073954984
"PW","CHILE+INDIA",1,0.00401929260450161,98.4847266881029
"PW","CHILE+IRAN",1,0.00401929260450161,98.4887459807074
"PW","CHILE+JAPAN",1,0.00401929260450161,98.4927652733119
"PW","CHILE+KOREA",1,0.00401929260450161,98.4967845659164
"PW","CHILE+SWITZERLAND",1,0.00401929260450161,98.5008038585209
"PW","CHILE+TUNISIA",1,0.00401929260450161,98.5048231511254
"PW","CHILE+URUGUAY",1,0.00401929260450161,98.5088424437299
"PW","CHINA+COTE D'IVOIRE",1,0.00401929260450161,98.5128617363344
"PW","CHINA+CROATIA",1,0.00401929260450161,98.5168810289389
"PW","CHINA+ESTONIA",1,0.00401929260450161,98.5209003215434
"PW","CHINA+ETHIOPIA",1,0.00401929260450161,98.5249196141479
"PW","CHINA+ICELAND",1,0.00401929260450161,98.5289389067524
"PW","CHINA+INDONESIA",1,0.00401929260450161,98.5329581993569
"PW","CHINA+KUWAIT",1,0.00401929260450161,98.5369774919614
"PW","CHINA+LATVIA",1,0.00401929260450161,98.5409967845659
"PW","CHINA+LUXEMBOURG",1,0.00401929260450161,98.5450160771704
"PW","CHINA+MALAWI",1,0.00401929260450161,98.5490353697749
"PW","CHINA+MALI",1,0.00401929260450161,98.5530546623794
"PW","CHINA+MOROCCO",1,0.00401929260450161,98.5570739549839
"PW","CHINA+NEPAL",1,0.00401929260450161,98.5610932475884
"PW","CHINA+RUSSIA",1,0.00401929260450161,98.5651125401929
"PW","CHINA+SLOVAKIA",1,0.00401929260450161,98.5691318327974
"PW","CHINA+TANZANIA",1,0.00401929260450161,98.5731511254019
"PW","COLOMBIA+FRANCE",1,0.00401929260450161,98.5771704180064
"PW","COLOMBIA+GERMANY",1,0.00401929260450161,98.5811897106109
"PW","COLOMBIA+IRAN",1,0.00401929260450161,98.5852090032154
"PW","COLOMBIA+ITALY",1,0.00401929260450161,98.5892282958199
"PW","COLOMBIA+NETHERLANDS",1,0.00401929260450161,98.5932475884244
"PW","COLOMBIA+NORWAY",1,0.00401929260450161,98.5972668810289
"PW","COLOMBIA+ROMANIA",1,0.00401929260450161,98.6012861736334
"PW","COLOMBIA+SAUDI ARABIA",1,0.00401929260450161,98.6053054662379
"PW","COLOMBIA+SWEDEN",1,0.00401929260450161,98.6093247588424
"PW","COLOMBIA+VENEZUELA",1,0.00401929260450161,98.6133440514469
"PW","CONGO+FRANCE",1,0.00401929260450161,98.6173633440515
"PW","CONGO+KOREA",1,0.00401929260450161,98.621382636656
"PW","COSTA RICA+HONDURAS",1,0.00401929260450161,98.6254019292604
"PW","COSTA RICA+PERU",1,0.00401929260450161,98.629421221865
"PW","COSTA RICA+SPAIN",1,0.00401929260450161,98.6334405144695
"PW","COTE D'IVOIRE+FRANCE",1,0.00401929260450161,98.637459807074
"PW","CROATIA+LUXEMBOURG",1,0.00401929260450161,98.6414790996785
"PW","CROATIA+MEXICO",1,0.00401929260450161,98.645498392283
"PW","CROATIA+SLOVAKIA",1,0.00401929260450161,98.6495176848875
"PW","CROATIA+SWEDEN",1,0.00401929260450161,98.653536977492
"PW","CUBA+FRANCE",1,0.00401929260450161,98.6575562700965
"PW","CUBA+MEXICO",1,0.00401929260450161,98.661575562701
"PW","CUBA+URUGUAY",1,0.00401929260450161,98.6655948553055
"PW","CYPRUS+CYPRUS",1,0.00401929260450161,98.66961414791
"PW","CYPRUS+GERMANY",1,0.00401929260450161,98.6736334405145
"PW","CYPRUS+INDIA",1,0.00401929260450161,98.677652733119
"PW","CYPRUS+IRAN",1,0.00401929260450161,98.6816720257235
"PW","CYPRUS+SERBIA",1,0.00401929260450161,98.685691318328
"PW","CYPRUS+SPAIN",1,0.00401929260450161,98.6897106109325
"PW","CYPRUS+SWEDEN",1,0.00401929260450161,98.693729903537
"PW","CYPRUS+UNITED KINGDOM",1,0.00401929260450161,98.6977491961415
"PW","CZECH REPUBLIC+ESTONIA",1,0.00401929260450161,98.701768488746
"PW","CZECH REPUBLIC+FINLAND",1,0.00401929260450161,98.7057877813505
"PW","CZECH REPUBLIC+GREECE",1,0.00401929260450161,98.709807073955
"PW","CZECH REPUBLIC+HUNGARY",1,0.00401929260450161,98.7138263665595
"PW","CZECH REPUBLIC+ICELAND",1,0.00401929260450161,98.717845659164
"PW","CZECH REPUBLIC+JAPAN",1,0.00401929260450161,98.7218649517685
"PW","CZECH REPUBLIC+KENYA",1,0.00401929260450161,98.725884244373
"PW","CZECH REPUBLIC+LATVIA",1,0.00401929260450161,98.7299035369775
"PW","CZECH REPUBLIC+MADAGASCAR",1,0.00401929260450161,98.733922829582
"PW","CZECH REPUBLIC+MALAYSIA",1,0.00401929260450161,98.7379421221865
"PW","CZECH REPUBLIC+NETHERLANDS",1,0.00401929260450161,98.741961414791
"PW","CZECH REPUBLIC+NEW ZEALAND",1,0.00401929260450161,98.7459807073955
"PW","CZECH REPUBLIC+RUSSIA",1,0.00401929260450161,98.75
"PW","CZECH REPUBLIC+SERBIA",1,0.00401929260450161,98.7540192926045
"PW","CZECH REPUBLIC+SOUTH AFRICA",1,0.00401929260450161,98.758038585209
"PW","CZECH REPUBLIC+SWEDEN",1,0.00401929260450161,98.7620578778135
"PW","CZECH REPUBLIC+THAILAND",1,0.00401929260450161,98.766077170418
"PW","DENMARK+EGYPT",1,0.00401929260450161,98.7700964630225
"PW","DENMARK+GREECE",1,0.00401929260450161,98.774115755627
"PW","DENMARK+ICELAND",1,0.00401929260450161,98.7781350482315
"PW","DENMARK+KAZAKHSTAN",1,0.00401929260450161,98.782154340836
"PW","DENMARK+NEW ZEALAND",1,0.00401929260450161,98.7861736334405
"PW","DENMARK+PAKISTAN",1,0.00401929260450161,98.790192926045
"PW","DENMARK+ROMANIA",1,0.00401929260450161,98.7942122186495
"PW","DENMARK+SAUDI ARABIA",1,0.00401929260450161,98.798231511254
"PW","DENMARK+SERBIA",1,0.00401929260450161,98.8022508038585
"PW","DENMARK+SLOVENIA",1,0.00401929260450161,98.806270096463
"PW","DENMARK+UKRAINE",1,0.00401929260450161,98.8102893890675
"PW","DOMINICAN REPUBLIC+USA",1,0.00401929260450161,98.814308681672
"PW","ECUADOR+ECUADOR",1,0.00401929260450161,98.8183279742765
"PW","ECUADOR+GERMANY",1,0.00401929260450161,98.822347266881
"PW","ECUADOR+ITALY",1,0.00401929260450161,98.8263665594855
"PW","ECUADOR+JAPAN",1,0.00401929260450161,98.83038585209
"PW","ECUADOR+KOREA",1,0.00401929260450161,98.8344051446945
"PW","ECUADOR+MEXICO",1,0.00401929260450161,98.838424437299
"PW","ECUADOR+SWITZERLAND",1,0.00401929260450161,98.8424437299035
"PW","ECUADOR+USA",1,0.00401929260450161,98.846463022508
"PW","EGYPT+FINLAND",1,0.00401929260450161,98.8504823151125
"PW","EGYPT+LEBANON",1,0.00401929260450161,98.854501607717
"PW","EGYPT+LITHUANIA",1,0.00401929260450161,98.8585209003216
"PW","EGYPT+SINGAPORE",1,0.00401929260450161,98.862540192926
"PW","EGYPT+SLOVAKIA",1,0.00401929260450161,98.8665594855305
"PW","EGYPT+SOMALIA",1,0.00401929260450161,98.8705787781351
"PW","EGYPT+SOUTH AFRICA",1,0.00401929260450161,98.8745980707396
"PW","EGYPT+TAIWAN",1,0.00401929260450161,98.878617363344
"PW","ESTONIA+GERMANY",1,0.00401929260450161,98.8826366559486
"PW","ESTONIA+LATVIA",1,0.00401929260450161,98.8866559485531
"PW","ESTONIA+SPAIN",1,0.00401929260450161,98.8906752411576
"PW","ESTONIA+SWEDEN",1,0.00401929260450161,98.8946945337621
"PW","ESTONIA+USA",1,0.00401929260450161,98.8987138263666
"PW","ETHIOPIA+PAKISTAN",1,0.00401929260450161,98.9027331189711
"PW","FIJI+PORTUGAL",1,0.00401929260450161,98.9067524115756
"PW","FINLAND+HONG KONG",1,0.00401929260450161,98.9107717041801
"PW","FINLAND+MALAYSIA",1,0.00401929260450161,98.9147909967846
"PW","FINLAND+NETHERLANDS",1,0.00401929260450161,98.9188102893891
"PW","FINLAND+PAKISTAN",1,0.00401929260450161,98.9228295819936
"PW","FINLAND+SOUTH AFRICA",1,0.00401929260450161,98.9268488745981
"PW","FRANCE+JORDAN",1,0.00401929260450161,98.9308681672026
"PW","FRANCE+KAZAKHSTAN",1,0.00401929260450161,98.9348874598071
"PW","FRANCE+KOREA",1,0.00401929260450161,98.9389067524116
"PW","FRANCE+LAOS",1,0.00401929260450161,98.9429260450161
"PW","FRANCE+LATVIA",1,0.00401929260450161,98.9469453376206
"PW","FRANCE+LUXEMBOURG",1,0.00401929260450161,98.9509646302251
"PW","FRANCE+MALAYSIA",1,0.00401929260450161,98.9549839228296
"PW","FRANCE+MONGOLIA",1,0.00401929260450161,98.9590032154341
"PW","FRANCE+PAKISTAN",1,0.00401929260450161,98.9630225080386
"PW","FRANCE+RUSSIA",1,0.00401929260450161,98.9670418006431
"PW","FRANCE+SENEGAL",1,0.00401929260450161,98.9710610932476
"PW","FRANCE+SEYCHELLES",1,0.00401929260450161,98.9750803858521
"PW","FRANCE+SLOVENIA",1,0.00401929260450161,98.9790996784566
"PW","FRANCE+SOUTH AFRICA",1,0.00401929260450161,98.9831189710611
"PW","FRANCE+VENEZUELA",1,0.00401929260450161,98.9871382636656
"PW","FRANCE+VIETNAM",1,0.00401929260450161,98.9911575562701
"PW","GAMBIA+SWEDEN",1,0.00401929260450161,98.9951768488746
"PW","GERMANY+HONG KONG",1,0.00401929260450161,98.9991961414791
"PW","GERMANY+INDONESIA",1,0.00401929260450161,99.0032154340836
"PW","GERMANY+IRELAND",1,0.00401929260450161,99.0072347266881
"PW","GERMANY+KAZAKHSTAN",1,0.00401929260450161,99.0112540192926
"PW","GERMANY+LATVIA",1,0.00401929260450161,99.0152733118971
"PW","GERMANY+LUXEMBOURG",1,0.00401929260450161,99.0192926045016
"PW","GERMANY+MALAYSIA",1,0.00401929260450161,99.0233118971061
"PW","GERMANY+MOROCCO",1,0.00401929260450161,99.0273311897106
"PW","GERMANY+NEW ZEALAND",1,0.00401929260450161,99.0313504823151
"PW","GERMANY+PERU",1,0.00401929260450161,99.0353697749196
"PW","GERMANY+QATAR",1,0.00401929260450161,99.0393890675241
"PW","GERMANY+RUSSIA",1,0.00401929260450161,99.0434083601286
"PW","GERMANY+SERBIA",1,0.00401929260450161,99.0474276527331
"PW","GERMANY+SLOVENIA",1,0.00401929260450161,99.0514469453376
"PW","GERMANY+SRI LANKA",1,0.00401929260450161,99.0554662379421
"PW","GERMANY+SUDAN",1,0.00401929260450161,99.0594855305466
"PW","GERMANY+THAILAND",1,0.00401929260450161,99.0635048231511
"PW","GERMANY+VENEZUELA",1,0.00401929260450161,99.0675241157556
"PW","GERMANY+VIETNAM",1,0.00401929260450161,99.0715434083601
"PW","GHANA+UNITED KINGDOM",1,0.00401929260450161,99.0755627009646
"PW","GREECE+INDIA",1,0.00401929260450161,99.0795819935691
"PW","GREECE+IRELAND",1,0.00401929260450161,99.0836012861736
"PW","GREECE+JAPAN",1,0.00401929260450161,99.0876205787781
"PW","GREECE+MALAYSIA",1,0.00401929260450161,99.0916398713826
"PW","GREECE+POLAND",1,0.00401929260450161,99.0956591639871
"PW","GREECE+PORTUGAL",1,0.00401929260450161,99.0996784565916
"PW","GREECE+SINGAPORE",1,0.00401929260450161,99.1036977491961
"PW","GREECE+SLOVENIA",1,0.00401929260450161,99.1077170418006
"PW","GREECE+SPAIN",1,0.00401929260450161,99.1117363344052
"PW","GREECE+THAILAND",1,0.00401929260450161,99.1157556270096
"PW","GREECE+UKRAINE",1,0.00401929260450161,99.1197749196141
"PW","GREECE+UZBEKISTAN",1,0.00401929260450161,99.1237942122187
"PW","GUATEMALA+USA",1,0.00401929260450161,99.1278135048232
"PW","GUINEA+SWITZERLAND",1,0.00401929260450161,99.1318327974276
"PW","HONDURAS+MEXICO",1,0.00401929260450161,99.1358520900322
"PW","HONG KONG+NEW ZEALAND",1,0.00401929260450161,99.1398713826367
"PW","HONG KONG+SERBIA",1,0.00401929260450161,99.1438906752412
"PW","HUNGARY+IRAQ",1,0.00401929260450161,99.1479099678457
"PW","HUNGARY+JORDAN",1,0.00401929260450161,99.1519292604502
"PW","HUNGARY+POLAND",1,0.00401929260450161,99.1559485530547
"PW","HUNGARY+SOUTH AFRICA",1,0.00401929260450161,99.1599678456592
"PW","HUNGARY+SWEDEN",1,0.00401929260450161,99.1639871382637
"PW","HUNGARY+TAIWAN",1,0.00401929260450161,99.1680064308682
"PW","ICELAND+ICELAND",1,0.00401929260450161,99.1720257234727
"PW","ICELAND+SINGAPORE",1,0.00401929260450161,99.1760450160772
"PW","INDIA+JAMAICA",1,0.00401929260450161,99.1800643086817
"PW","INDIA+JORDAN",1,0.00401929260450161,99.1840836012862
"PW","INDIA+MYANMAR",1,0.00401929260450161,99.1881028938907
"PW","INDIA+NEW ZEALAND",1,0.00401929260450161,99.1921221864952
"PW","INDIA+NIGERIA",1,0.00401929260450161,99.1961414790997
"PW","INDIA+PAKISTAN",1,0.00401929260450161,99.2001607717042
"PW","INDIA+ROMANIA",1,0.00401929260450161,99.2041800643087
"PW","INDIA+RUSSIA",1,0.00401929260450161,99.2081993569132
"PW","INDIA+SRI LANKA",1,0.00401929260450161,99.2122186495177
"PW","INDIA+SUDAN",1,0.00401929260450161,99.2162379421222
"PW","INDIA+ZIMBABWE",1,0.00401929260450161,99.2202572347267
"PW","INDONESIA+NEW ZEALAND",1,0.00401929260450161,99.2242765273312
"PW","INDONESIA+PAKISTAN",1,0.00401929260450161,99.2282958199357
"PW","INDONESIA+SINGAPORE",1,0.00401929260450161,99.2323151125402
"PW","INDONESIA+SOUTH AFRICA",1,0.00401929260450161,99.2363344051447
"PW","INDONESIA+UNITED KINGDOM",1,0.00401929260450161,99.2403536977492
"PW","IRAN+JAPAN",1,0.00401929260450161,99.2443729903537
"PW","IRAN+KUWAIT",1,0.00401929260450161,99.2483922829582
"PW","IRAN+MEXICO",1,0.00401929260450161,99.2524115755627
"PW","IRAN+OMAN",1,0.00401929260450161,99.2564308681672
"PW","IRAN+POLAND",1,0.00401929260450161,99.2604501607717
"PW","IRAN+QATAR",1,0.00401929260450161,99.2644694533762
"PW","IRAN+SLOVAKIA",1,0.00401929260450161,99.2684887459807
"PW","IRAN+U ARAB EMIRATES",1,0.00401929260450161,99.2725080385852
"PW","IRAN+VIETNAM",1,0.00401929260450161,99.2765273311897
"PW","IRAQ+POLAND",1,0.00401929260450161,99.2805466237942
"PW","IRELAND+JAPAN",1,0.00401929260450161,99.2845659163987
"PW","IRELAND+KENYA",1,0.00401929260450161,99.2885852090032
"PW","IRELAND+SOUTH AFRICA",1,0.00401929260450161,99.2926045016077
"PW","IRELAND+SWEDEN",1,0.00401929260450161,99.2966237942122
"PW","IRELAND+SWITZERLAND",1,0.00401929260450161,99.3006430868167
"PW","IRELAND+TURKEY",1,0.00401929260450161,99.3046623794212
"PW","ISRAEL+ITALY",1,0.00401929260450161,99.3086816720257
"PW","ISRAEL+KAZAKHSTAN",1,0.00401929260450161,99.3127009646302
"PW","ISRAEL+KOREA",1,0.00401929260450161,99.3167202572347
"PW","ISRAEL+NETHERLANDS",1,0.00401929260450161,99.3207395498392
"PW","ISRAEL+SINGAPORE",1,0.00401929260450161,99.3247588424437
"PW","ISRAEL+SPAIN",1,0.00401929260450161,99.3287781350482
"PW","ISRAEL+URUGUAY",1,0.00401929260450161,99.3327974276527
"PW","ITALY+LITHUANIA",1,0.00401929260450161,99.3368167202572
"PW","ITALY+MADAGASCAR",1,0.00401929260450161,99.3408360128617
"PW","ITALY+MALAYSIA",1,0.00401929260450161,99.3448553054662
"PW","ITALY+NEW ZEALAND",1,0.00401929260450161,99.3488745980707
"PW","ITALY+PAKISTAN",1,0.00401929260450161,99.3528938906752
"PW","ITALY+PERU",1,0.00401929260450161,99.3569131832797
"PW","ITALY+PORTUGAL",1,0.00401929260450161,99.3609324758842
"PW","ITALY+ROMANIA",1,0.00401929260450161,99.3649517684888
"PW","ITALY+SAUDI ARABIA",1,0.00401929260450161,99.3689710610932
"PW","ITALY+SINGAPORE",1,0.00401929260450161,99.3729903536977
"PW","ITALY+SLOVAKIA",1,0.00401929260450161,99.3770096463023
"PW","ITALY+TAIWAN",1,0.00401929260450161,99.3810289389068
"PW","ITALY+THAILAND",1,0.00401929260450161,99.3850482315112
"PW","ITALY+URUGUAY",1,0.00401929260450161,99.3890675241158
"PW","ITALY+VIETNAM",1,0.00401929260450161,99.3930868167203
"PW","JAMAICA+JAMAICA",1,0.00401929260450161,99.3971061093248
"PW","JAMAICA+UNITED KINGDOM",1,0.00401929260450161,99.4011254019293
"PW","JAMAICA+USA",1,0.00401929260450161,99.4051446945338
"PW","JAPAN+KENYA",1,0.00401929260450161,99.4091639871383
"PW","JAPAN+LUXEMBOURG",1,0.00401929260450161,99.4131832797428
"PW","JAPAN+MEXICO",1,0.00401929260450161,99.4172025723473
"PW","JAPAN+NEPAL",1,0.00401929260450161,99.4212218649518
"PW","JAPAN+NEW ZEALAND",1,0.00401929260450161,99.4252411575563
"PW","JAPAN+SAUDI ARABIA",1,0.00401929260450161,99.4292604501608
"PW","JAPAN+SINGAPORE",1,0.00401929260450161,99.4332797427653
"PW","JAPAN+SLOVAKIA",1,0.00401929260450161,99.4372990353698
"PW","JAPAN+SLOVENIA",1,0.00401929260450161,99.4413183279743
"PW","JAPAN+SUDAN",1,0.00401929260450161,99.4453376205788
"PW","JAPAN+TANZANIA",1,0.00401929260450161,99.4493569131833
"PW","JORDAN+SAUDI ARABIA",1,0.00401929260450161,99.4533762057878
"PW","JORDAN+SWITZERLAND",1,0.00401929260450161,99.4573954983923
"PW","KAZAKHSTAN+KOREA",1,0.00401929260450161,99.4614147909968
"PW","KAZAKHSTAN+TUNISIA",1,0.00401929260450161,99.4654340836013
"PW","KAZAKHSTAN+TURKEY",1,0.00401929260450161,99.4694533762058
"PW","KAZAKHSTAN+UNITED KINGDOM",1,0.00401929260450161,99.4734726688103
"PW","KENYA+SOUTH AFRICA",1,0.00401929260450161,99.4774919614148
"PW","KOREA+MALAYSIA",1,0.00401929260450161,99.4815112540193
"PW","KOREA+NETHERLANDS",1,0.00401929260450161,99.4855305466238
"PW","KOREA+NORWAY",1,0.00401929260450161,99.4895498392283
"PW","KOREA+PHILIPPINES",1,0.00401929260450161,99.4935691318328
"PW","KOREA+POLAND",1,0.00401929260450161,99.4975884244373
"PW","KOREA+PORTUGAL",1,0.00401929260450161,99.5016077170418
"PW","KOREA+SINGAPORE",1,0.00401929260450161,99.5056270096463
"PW","KOREA+SRI LANKA",1,0.00401929260450161,99.5096463022508
"PW","KOREA+TURKEY",1,0.00401929260450161,99.5136655948553
"PW","KOREA+U ARAB EMIRATES",1,0.00401929260450161,99.5176848874598
"PW","KUWAIT+MALAYSIA",1,0.00401929260450161,99.5217041800643
"PW","KUWAIT+UNITED KINGDOM",1,0.00401929260450161,99.5257234726688
"PW","KUWAIT+USA",1,0.00401929260450161,99.5297427652733
"PW","LATVIA+SWITZERLAND",1,0.00401929260450161,99.5337620578778
"PW","LATVIA+TAIWAN",1,0.00401929260450161,99.5377813504823
"PW","LATVIA+UKRAINE",1,0.00401929260450161,99.5418006430868
"PW","LEBANON+UNITED KINGDOM",1,0.00401929260450161,99.5458199356913
"PW","LITHUANIA+POLAND",1,0.00401929260450161,99.5498392282958
"PW","LUXEMBOURG+LUXEMBOURG",1,0.00401929260450161,99.5538585209003
"PW","LUXEMBOURG+SPAIN",1,0.00401929260450161,99.5578778135048
"PW","MADAGASCAR+UNITED KINGDOM",1,0.00401929260450161,99.5618971061093
"PW","MADAGASCAR+USA",1,0.00401929260450161,99.5659163987138
"PW","MALAWI+UNITED KINGDOM",1,0.00401929260450161,99.5699356913183
"PW","MALAYSIA+MOROCCO",1,0.00401929260450161,99.5739549839228
"PW","MALAYSIA+OMAN",1,0.00401929260450161,99.5779742765273
"PW","MALAYSIA+PHILIPPINES",1,0.00401929260450161,99.5819935691318
"PW","MALAYSIA+POLAND",1,0.00401929260450161,99.5860128617363
"PW","MALAYSIA+SINGAPORE",1,0.00401929260450161,99.5900321543408
"PW","MALAYSIA+SUDAN",1,0.00401929260450161,99.5940514469453
"PW","MALAYSIA+TAIWAN",1,0.00401929260450161,99.5980707395498
"PW","MALTA+MALTA",1,0.00401929260450161,99.6020900321543
"PW","MALTA+NETHERLANDS",1,0.00401929260450161,99.6061093247588
"PW","MEXICO+NEW ZEALAND",1,0.00401929260450161,99.6101286173633
"PW","MEXICO+SAUDI ARABIA",1,0.00401929260450161,99.6141479099678
"PW","MEXICO+SINGAPORE",1,0.00401929260450161,99.6181672025724
"PW","MEXICO+TAIWAN",1,0.00401929260450161,99.6221864951768
"PW","MOLDOVA+MOLDOVA",1,0.00401929260450161,99.6262057877814
"PW","MOLDOVA+UKRAINE",1,0.00401929260450161,99.6302250803859
"PW","MOROCCO+POLAND",1,0.00401929260450161,99.6342443729904
"PW","MOROCCO+QATAR",1,0.00401929260450161,99.6382636655949
"PW","MOROCCO+RWANDA",1,0.00401929260450161,99.6422829581994
"PW","MOROCCO+SOUTH AFRICA",1,0.00401929260450161,99.6463022508039
"PW","MOROCCO+UNITED KINGDOM",1,0.00401929260450161,99.6503215434084
"PW","MOZAMBIQUE+SPAIN",1,0.00401929260450161,99.6543408360129
"PW","MOZAMBIQUE+USA",1,0.00401929260450161,99.6583601286174
"PW","MYANMAR+SWITZERLAND",1,0.00401929260450161,99.6623794212219
"PW","NETHERLANDS+NEW ZEALAND",1,0.00401929260450161,99.6663987138264
"PW","NETHERLANDS+PORTUGAL",1,0.00401929260450161,99.6704180064309
"PW","NETHERLANDS+QATAR",1,0.00401929260450161,99.6744372990354
"PW","NETHERLANDS+ROMANIA",1,0.00401929260450161,99.6784565916399
"PW","NETHERLANDS+RWANDA",1,0.00401929260450161,99.6824758842444
"PW","NETHERLANDS+SLOVAKIA",1,0.00401929260450161,99.6864951768489
"PW","NETHERLANDS+THAILAND",1,0.00401929260450161,99.6905144694534
"PW","NEW ZEALAND+THAILAND",1,0.00401929260450161,99.6945337620579
"PW","NIGER+USA",1,0.00401929260450161,99.6985530546624
"PW","NIGERIA+PAKISTAN",1,0.00401929260450161,99.7025723472669
"PW","NIGERIA+RWANDA",1,0.00401929260450161,99.7065916398714
"PW","NIGERIA+TURKEY",1,0.00401929260450161,99.7106109324759
"PW","NORWAY+POLAND",1,0.00401929260450161,99.7146302250804
"PW","NORWAY+PORTUGAL",1,0.00401929260450161,99.7186495176849
"PW","NORWAY+ROMANIA",1,0.00401929260450161,99.7226688102894
"PW","NORWAY+SINGAPORE",1,0.00401929260450161,99.7266881028939
"PW","PAKISTAN+ROMANIA",1,0.00401929260450161,99.7307073954984
"PW","PAKISTAN+SPAIN",1,0.00401929260450161,99.7347266881029
"PW","PANAMA+SPAIN",1,0.00401929260450161,99.7387459807074
"PW","PERU+PORTUGAL",1,0.00401929260450161,99.7427652733119
"PW","PERU+SPAIN",1,0.00401929260450161,99.7467845659164
"PW","PHILIPPINES+SWITZERLAND",1,0.00401929260450161,99.7508038585209
"PW","PHILIPPINES+TAIWAN",1,0.00401929260450161,99.7548231511254
"PW","PHILIPPINES+UNITED KINGDOM",1,0.00401929260450161,99.7588424437299
"PW","POLAND+SERBIA",1,0.00401929260450161,99.7628617363344
"PW","POLAND+SOUTH AFRICA",1,0.00401929260450161,99.7668810289389
"PW","POLAND+SWITZERLAND",1,0.00401929260450161,99.7709003215434
"PW","PORTUGAL+ROMANIA",1,0.00401929260450161,99.7749196141479
"PW","PORTUGAL+SERBIA",1,0.00401929260450161,99.7789389067524
"PW","PORTUGAL+SLOVENIA",1,0.00401929260450161,99.7829581993569
"PW","PORTUGAL+SOUTH AFRICA",1,0.00401929260450161,99.7869774919614
"PW","PORTUGAL+THAILAND",1,0.00401929260450161,99.7909967845659
"PW","PORTUGAL+TURKEY",1,0.00401929260450161,99.7950160771704
"PW","PORTUGAL+UZBEKISTAN",1,0.00401929260450161,99.7990353697749
"PW","QATAR+SAUDI ARABIA",1,0.00401929260450161,99.8030546623794
"PW","QATAR+SPAIN",1,0.00401929260450161,99.8070739549839
"PW","QATAR+USA",1,0.00401929260450161,99.8110932475884
"PW","ROMANIA+SPAIN",1,0.00401929260450161,99.8151125401929
"PW","ROMANIA+SWEDEN",1,0.00401929260450161,99.8191318327974
"PW","ROMANIA+UKRAINE",1,0.00401929260450161,99.8231511254019
"PW","ROMANIA+USA",1,0.00401929260450161,99.8271704180064
"PW","RUSSIA+SWITZERLAND",1,0.00401929260450161,99.8311897106109
"PW","RUSSIA+TURKEY",1,0.00401929260450161,99.8352090032154
"PW","SAUDI ARABIA+SOUTH AFRICA",1,0.00401929260450161,99.8392282958199
"PW","SAUDI ARABIA+SUDAN",1,0.00401929260450161,99.8432475884244
"PW","SENEGAL+SENEGAL",1,0.00401929260450161,99.8472668810289
"PW","SENEGAL+SWITZERLAND",1,0.00401929260450161,99.8512861736334
"PW","SENEGAL+USA",1,0.00401929260450161,99.8553054662379
"PW","SERBIA+SLOVAKIA",1,0.00401929260450161,99.8593247588424
"PW","SERBIA+TURKEY",1,0.00401929260450161,99.8633440514469
"PW","SERBIA+USA",1,0.00401929260450161,99.8673633440515
"PW","SINGAPORE+SOUTH AFRICA",1,0.00401929260450161,99.871382636656
"PW","SINGAPORE+SPAIN",1,0.00401929260450161,99.8754019292604
"PW","SINGAPORE+TURKEY",1,0.00401929260450161,99.879421221865
"PW","SLOVAKIA+SLOVENIA",1,0.00401929260450161,99.8834405144695
"PW","SLOVAKIA+UKRAINE",1,0.00401929260450161,99.887459807074
"PW","SLOVAKIA+USA",1,0.00401929260450161,99.8914790996785
"PW","SLOVENIA+SWITZERLAND",1,0.00401929260450161,99.895498392283
"PW","SLOVENIA+TURKEY",1,0.00401929260450161,99.8995176848875
"PW","SOUTH AFRICA+SUDAN",1,0.00401929260450161,99.903536977492
"PW","SOUTH AFRICA+TAIWAN",1,0.00401929260450161,99.9075562700965
"PW","SOUTH SUDAN+ZIMBABWE",1,0.00401929260450161,99.911575562701
"PW","SWEDEN+ZAMBIA",1,0.00401929260450161,99.9155948553055
"PW","TAIWAN+UNITED KINGDOM",1,0.00401929260450161,99.91961414791
"PW","TAIWAN+VIETNAM",1,0.00401929260450161,99.9236334405145
"PW","TUNISIA+UNITED KINGDOM",1,0.00401929260450161,99.927652733119
"PW","TURKEY+YEMEN",1,0.00401929260450161,99.9316720257235
"PW","UNITED KINGDOM+GREECE",1,0.00401929260450161,99.935691318328
"PW","UNITED KINGDOM+HUNGARY",1,0.00401929260450161,99.9397106109325
"PW","UNITED KINGDOM+KENYA",1,0.00401929260450161,99.943729903537
"PW","UNITED KINGDOM+KOREA",1,0.00401929260450161,99.9477491961415
"PW","UNITED KINGDOM+LEBANON",1,0.00401929260450161,99.951768488746
"PW","UNITED KINGDOM+MALAWI",1,0.00401929260450161,99.9557877813505
"PW","UNITED KINGDOM+MONGOLIA",1,0.00401929260450161,99.959807073955
"PW","UNITED KINGDOM+PANAMA",1,0.00401929260450161,99.9638263665595
"PW","UNITED KINGDOM+SENEGAL",1,0.00401929260450161,99.967845659164
"PW","UNITED KINGDOM+SLOVAKIA",1,0.00401929260450161,99.9718649517685
"PW","UNITED KINGDOM+TANZANIA",1,0.00401929260450161,99.975884244373
"PW","UNITED KINGDOM+TUNISIA",1,0.00401929260450161,99.9799035369775
"PW","UNITED KINGDOM+ZAMBIA",1,0.00401929260450161,99.983922829582
"PW","URUGUAY+USA",1,0.00401929260450161,99.9879421221865
"PW","USA+KOREA",1,0.00401929260450161,99.991961414791
"PW","USA+SPAIN",1,0.00401929260450161,99.9959807073955
"PW","USA+ZAMBIA",1,0.00401929260450161,100
